,acousticness,danceability,energy,id,instrumentalness,key,liveness,loudness,mode,speechiness,tempo,valence,album,album_id,artist,artist_id,duration_ms,name,popularity
0,0.069,0.48,0.969,0j3p1p06deJ7f9xmJ9yG22,0.00022,9,0.0608,-7.464,1,0.0854,142.489,0.494,The Beatles (Remastered),1klALx0u4AavZNEvC4LrTL,The Beatles,3WrFJ7ztbogyGnTHbHJFl2,163453,Back In The U.S.S.R. - Remastered,63
1,0.16,0.388,0.529,5NQYyej46WQkgCbnzGD21W,0.0681,7,0.108,-10.533,1,0.0436,150.721,0.332,The Beatles (Remastered),1klALx0u4AavZNEvC4LrTL,The Beatles,3WrFJ7ztbogyGnTHbHJFl2,235773,Dear Prudence - Remastered,60
2,0.0123,0.523,0.51,2jAojvUaPoHPFSPpF0UNRo,8.38e-05,7,0.108,-9.827,0,0.0514,120.432,0.789,The Beatles (Remastered),1klALx0u4AavZNEvC4LrTL,The Beatles,3WrFJ7ztbogyGnTHbHJFl2,137840,Glass Onion - Remastered,56
3,0.232,0.818,0.728,1gFNm7cXfG1vSMcxPpSxec,0.0642,10,0.251,-8.331,1,0.0314,113.059,0.975,The Beatles (Remastered),1klALx0u4AavZNEvC4LrTL,The Beatles,3WrFJ7ztbogyGnTHbHJFl2,188960,"Ob-La-Di, Ob-La-Da - Remastered",66
4,0.425,0.792,0.763,6j67aNAPeQ31uw4qw4rpLa,0.627,2,0.789,-11.185,1,0.0506,89.9,0.152,The Beatles (Remastered),1klALx0u4AavZNEvC4LrTL,The Beatles,3WrFJ7ztbogyGnTHbHJFl2,52973,Wild Honey Pie - Remastered,51
5,0.224,0.621,0.459,5Z3Rd1fMcaty8g5Pn7yhBQ,0.0,0,0.656,-10.414,1,0.104,114.816,0.648,The Beatles (Remastered),1klALx0u4AavZNEvC4LrTL,The Beatles,3WrFJ7ztbogyGnTHbHJFl2,194160,The Continuing Story Of Bungalow Bill - Remastered,52
6,0.0205,0.453,0.654,389QX9Q1eUOEZ19vtzzI9O,0.00395,4,0.172,-8.855,0,0.0317,115.0,0.702,The Beatles (Remastered),1klALx0u4AavZNEvC4LrTL,The Beatles,3WrFJ7ztbogyGnTHbHJFl2,285000,While My Guitar Gently Weeps - Remastered,68
7,0.523,0.431,0.54,71LsKf3xISiOlY1mj7FFPP,1.34e-06,9,0.169,-9.6,0,0.0589,139.288,0.44,The Beatles (Remastered),1klALx0u4AavZNEvC4LrTL,The Beatles,3WrFJ7ztbogyGnTHbHJFl2,164546,Happiness Is A Warm Gun - Remastered,57
8,0.872,0.472,0.292,1swmf4hFMJYRNA8Rq9PVaW,0.0007,10,0.128,-11.591,1,0.0321,177.624,0.824,The Beatles (Remastered),1klALx0u4AavZNEvC4LrTL,The Beatles,3WrFJ7ztbogyGnTHbHJFl2,148573,Martha My Dear - Remastered,55
9,0.656,0.433,0.483,2X9H5BokS1u5O46YpNYNsZ,2.64e-05,9,0.539,-9.422,1,0.175,68.492,0.717,The Beatles (Remastered),1klALx0u4AavZNEvC4LrTL,The Beatles,3WrFJ7ztbogyGnTHbHJFl2,123493,I'm So Tired - Remastered,55
10,0.754,0.686,0.127,5jgFfDIR6FR0gvlA56Nakr,1.41e-05,7,0.0573,-14.361,1,0.0342,93.699,0.372,The Beatles (Remastered),1klALx0u4AavZNEvC4LrTL,The Beatles,3WrFJ7ztbogyGnTHbHJFl2,138386,Blackbird - Remastered,71
11,0.643,0.542,0.445,4ZmjfLdJXbqjAENqk7eWSE,0.0,8,0.516,-9.105,1,0.0303,93.245,0.52,The Beatles (Remastered),1klALx0u4AavZNEvC4LrTL,The Beatles,3WrFJ7ztbogyGnTHbHJFl2,124266,Piggies - Remastered,52
12,0.333,0.599,0.363,1ITQbrueGLl581a25XXm9c,0.0,7,0.243,-11.728,1,0.0315,79.456,0.648,The Beatles (Remastered),1klALx0u4AavZNEvC4LrTL,The Beatles,3WrFJ7ztbogyGnTHbHJFl2,213106,Rocky Raccoon - Remastered,57
13,0.594,0.599,0.537,4zq4rrfHZeZsTbo5vjJXSV,1.92e-05,0,0.194,-9.617,1,0.0254,84.895,0.946,The Beatles (Remastered),1klALx0u4AavZNEvC4LrTL,The Beatles,3WrFJ7ztbogyGnTHbHJFl2,230453,Don't Pass Me By - Remastered,52
14,0.53,0.589,0.522,4eLIq1nQNwz2qLu8DeiWIp,0.000243,2,0.0993,-8.718,1,0.0521,187.688,0.957,The Beatles (Remastered),1klALx0u4AavZNEvC4LrTL,The Beatles,3WrFJ7ztbogyGnTHbHJFl2,101160,Why Don't We Do It In The Road? - Remastered,52
15,0.742,0.631,0.387,09x9v1o51dbqi5H0u7UGfp,0.000406,5,0.0822,-11.529,1,0.0262,103.11,0.832,The Beatles (Remastered),1klALx0u4AavZNEvC4LrTL,The Beatles,3WrFJ7ztbogyGnTHbHJFl2,105933,I Will - Remastered,59
16,0.828,0.512,0.0953,5FnpXVgDOk2sLT58qM22Of,0.000268,2,0.117,-16.082,1,0.0304,134.706,0.193,The Beatles (Remastered),1klALx0u4AavZNEvC4LrTL,The Beatles,3WrFJ7ztbogyGnTHbHJFl2,176666,Julia - Remastered,55
17,7.37e-05,0.541,0.727,1ABegtCPBMMJaMpfDyATjE,0.717,2,0.232,-7.509,1,0.0384,139.239,0.91,The Beatles (Remastered),1klALx0u4AavZNEvC4LrTL,The Beatles,3WrFJ7ztbogyGnTHbHJFl2,163080,Birthday - Remastered,52
18,0.000875,0.327,0.525,2AsGApoUuN8pTM17Lq9eUd,0.259,9,0.133,-10.272,1,0.0475,151.766,0.435,The Beatles (Remastered),1klALx0u4AavZNEvC4LrTL,The Beatles,3WrFJ7ztbogyGnTHbHJFl2,240453,Yer Blues - Remastered,52
19,0.634,0.608,0.178,6TjUg1cTUzWHbal6yQAi7c,0.352,2,0.166,-17.109,1,0.0264,84.78,0.401,The Beatles (Remastered),1klALx0u4AavZNEvC4LrTL,The Beatles,3WrFJ7ztbogyGnTHbHJFl2,168026,Mother Nature's Son - Remastered,53
20,0.0207,0.523,0.731,64P3zpRsDHIk7YTpRtaKYL,0.000464,2,0.081,-8.613,1,0.0559,117.089,0.81,The Beatles (Remastered),1klALx0u4AavZNEvC4LrTL,The Beatles,3WrFJ7ztbogyGnTHbHJFl2,144773,Everybody's Got Something To Hide Except Me And My Monkey - Remastered,50
21,0.33,0.577,0.624,2tBv9tAdqEbLNDi5smSjbg,0.00622,0,0.117,-9.626,1,0.0285,75.478,0.671,The Beatles (Remastered),1klALx0u4AavZNEvC4LrTL,The Beatles,3WrFJ7ztbogyGnTHbHJFl2,195266,Sexy Sadie - Remastered,52
22,0.000606,0.166,0.831,0Bs0hUYxz7REyIHH7tRhL2,0.846,9,0.811,-8.469,1,0.0894,167.518,0.281,The Beatles (Remastered),1klALx0u4AavZNEvC4LrTL,The Beatles,3WrFJ7ztbogyGnTHbHJFl2,269786,Helter Skelter - Remastered,59
23,0.539,0.349,0.129,40d2EcaOOCUjDzzo2YvUWn,0.405,5,0.192,-15.883,1,0.0294,104.837,0.163,The Beatles (Remastered),1klALx0u4AavZNEvC4LrTL,The Beatles,3WrFJ7ztbogyGnTHbHJFl2,186306,"Long, Long, Long - Remastered",51
24,0.0785,0.386,0.626,1aOzDhi5a1RWWRy5dmYA8I,0.00164,9,0.621,-9.451,1,0.0377,98.425,0.695,The Beatles (Remastered),1klALx0u4AavZNEvC4LrTL,The Beatles,3WrFJ7ztbogyGnTHbHJFl2,255706,Revolution 1 - Remastered,52
25,0.88,0.537,0.297,1TPcNcmuKlq0PKpYOBgP1U,1.5e-05,7,0.145,-15.452,1,0.0822,144.197,0.553,The Beatles (Remastered),1klALx0u4AavZNEvC4LrTL,The Beatles,3WrFJ7ztbogyGnTHbHJFl2,161160,Honey Pie - Remastered,50
26,0.00814,0.623,0.544,5iyCSUM7zzficwaGo8GIoc,0.309,11,0.134,-11.043,0,0.0536,120.761,0.793,The Beatles (Remastered),1klALx0u4AavZNEvC4LrTL,The Beatles,3WrFJ7ztbogyGnTHbHJFl2,174466,Savoy Truffle - Remastered,49
27,0.115,0.517,0.529,5XmetMMUFNXClbiYnGdVmP,0.00396,9,0.174,-11.851,0,0.0323,76.644,0.362,The Beatles (Remastered),1klALx0u4AavZNEvC4LrTL,The Beatles,3WrFJ7ztbogyGnTHbHJFl2,182080,Cry Baby Cry - Remastered,50
28,0.769,0.208,0.615,5dZ8PeKKZJLIQAWNTdp8WX,0.118,2,0.824,-15.297,0,0.342,91.158,0.101,The Beatles (Remastered),1klALx0u4AavZNEvC4LrTL,The Beatles,3WrFJ7ztbogyGnTHbHJFl2,502013,Revolution 9 - Remastered,48
29,0.865,0.146,0.355,3T4Kt51PV4k8tx6YCtBgcl,0.835,7,0.114,-14.583,1,0.0352,146.408,0.178,The Beatles (Remastered),1klALx0u4AavZNEvC4LrTL,The Beatles,3WrFJ7ztbogyGnTHbHJFl2,193760,Good Night - Remastered,48
30,0.00433,0.401,0.425,3NMORNJPqARzfspojSKfRJ,0.0633,9,0.0857,-9.553,0,0.0256,81.974,0.0818,dawn,1DyvIWdwSQS4ziGNUtIzga,Silent Poets,0v8kJy6pfyJsO20V77miAI,429251,Asylums for the feeling feat. Leila Adu,46
31,0.209,0.518,0.544,6fucBHVcCQYHC7RTX4WSjz,0.0809,9,0.137,-13.517,0,0.0277,155.993,0.274,dawn,1DyvIWdwSQS4ziGNUtIzga,Silent Poets,0v8kJy6pfyJsO20V77miAI,357814,Distant Memory,28
32,0.00432,0.685,0.614,1doKc6AUTdJiEkC8iFwkHN,0.0645,3,0.101,-7.811,0,0.028,123.969,0.536,dawn,1DyvIWdwSQS4ziGNUtIzga,Silent Poets,0v8kJy6pfyJsO20V77miAI,299483,Shine feat. Hollie Cook,21
33,0.0294,0.539,0.789,7wa3z27VKE66OK6iGe8dLh,0.562,9,0.223,-9.556,0,0.0443,102.009,0.307,dawn,1DyvIWdwSQS4ziGNUtIzga,Silent Poets,0v8kJy6pfyJsO20V77miAI,397119,東京 feat. 5lack [Extended DUB],27
34,0.0468,0.686,0.412,4LlpB5Aj4TtMkxr6VnbpYk,0.00209,9,0.145,-11.193,0,0.0561,80.016,0.216,dawn,1DyvIWdwSQS4ziGNUtIzga,Silent Poets,0v8kJy6pfyJsO20V77miAI,261418,Eternal Life feat. NIPPS,17
35,0.00159,0.483,0.636,6O6GAvzYzmo9THTqCaTh2d,0.263,0,0.104,-8.576,1,0.0394,79.977,0.296,dawn,1DyvIWdwSQS4ziGNUtIzga,Silent Poets,0v8kJy6pfyJsO20V77miAI,307127,Non Stoppa feat. Miss Red,19
36,0.00284,0.475,0.512,1mj0rbxt3Hw4btADTpzQva,0.774,4,0.0864,-8.604,0,0.0503,123.962,0.341,dawn,1DyvIWdwSQS4ziGNUtIzga,Silent Poets,0v8kJy6pfyJsO20V77miAI,265956,Division of the world feat. Addis Pablo,15
37,0.162,0.46,0.419,0HRYt4yj8bbUc09oqMquFF,0.812,4,0.384,-13.046,0,0.0408,180.009,0.0399,dawn,1DyvIWdwSQS4ziGNUtIzga,Silent Poets,0v8kJy6pfyJsO20V77miAI,246056,Rain feat. こだま和文,16
38,0.0312,0.24,0.556,1ftsacZpxpA89GtgAoJUyX,0.89,6,0.19,-14.095,0,0.0512,83.065,0.299,dawn,1DyvIWdwSQS4ziGNUtIzga,Silent Poets,0v8kJy6pfyJsO20V77miAI,305403,Simple Dub,16
39,0.334,0.463,0.429,62PvMQOYqeuHJrhhUyHEDK,0.23,6,0.109,-10.184,0,0.0308,82.955,0.173,dawn,1DyvIWdwSQS4ziGNUtIzga,Silent Poets,0v8kJy6pfyJsO20V77miAI,318289,Simple feat. 櫻木大悟 (D.A.N.),17
40,0.453,0.41,0.341,35EM0KdiTmOrjltDTUZ4Lq,0.865,4,0.121,-14.751,0,0.0287,80.01,0.183,dawn,1DyvIWdwSQS4ziGNUtIzga,Silent Poets,0v8kJy6pfyJsO20V77miAI,324916,Non Stoppa Dub,15
41,0.167,0.434,0.88,6PGrkeJpDpgiFLvgKYD489,0.883,3,0.202,-6.057,0,0.0376,126.102,0.141,7,4qftBBO7pnYlek3mRENIvM,Beach House,56ZTgzPBDge0OvCGgMO3OY,204600,Dark Spring,51
42,0.238,0.593,0.41,0qmpEzs4SWVw6zqhMyrOvc,0.587,3,0.117,-9.722,1,0.0239,99.721,0.27,7,4qftBBO7pnYlek3mRENIvM,Beach House,56ZTgzPBDge0OvCGgMO3OY,204466,Pay No Mind,52
43,0.447,0.466,0.83,7pD6katrwWH7H3Xt8cIZS9,0.972,0,0.232,-7.504,1,0.0296,148.467,0.51,7,4qftBBO7pnYlek3mRENIvM,Beach House,56ZTgzPBDge0OvCGgMO3OY,244946,Lemon Glow,55
44,0.884,0.11,0.591,2lfTg7dtS3C1fQl9i4ZBJw,0.777,10,0.114,-8.84,1,0.0318,80.595,0.107,7,4qftBBO7pnYlek3mRENIvM,Beach House,56ZTgzPBDge0OvCGgMO3OY,264746,L'Inconnue,47
45,0.26,0.431,0.733,3AJsTNjbYSH4odSmP1I6ox,0.866,0,0.184,-6.427,0,0.0257,105.921,0.22,7,4qftBBO7pnYlek3mRENIvM,Beach House,56ZTgzPBDge0OvCGgMO3OY,239306,Drunk In LA,54
46,0.0101,0.374,0.818,0v8UvAhruTvkA90MR7039n,0.957,5,0.0914,-6.209,1,0.0455,111.011,0.173,7,4qftBBO7pnYlek3mRENIvM,Beach House,56ZTgzPBDge0OvCGgMO3OY,265373,Dive,49
47,0.323,0.41,0.575,3pvmkjuacq6719H5su9ixl,0.84,9,0.111,-9.839,0,0.0294,77.469,0.265,7,4qftBBO7pnYlek3mRENIvM,Beach House,56ZTgzPBDge0OvCGgMO3OY,251160,Black Car,52
48,0.29,0.389,0.494,2p6XlybsJTLIj6GiYSMDVQ,0.777,9,0.088,-8.568,1,0.0297,132.668,0.221,7,4qftBBO7pnYlek3mRENIvM,Beach House,56ZTgzPBDge0OvCGgMO3OY,249253,Lose Your Smile,46
49,0.126,0.394,0.774,6kvJuHxn3BrRhFxLrBEt8c,0.0855,0,0.201,-6.825,1,0.027,164.271,0.654,7,4qftBBO7pnYlek3mRENIvM,Beach House,56ZTgzPBDge0OvCGgMO3OY,254866,Woo,48
50,0.343,0.358,0.681,31TsIuRykzLRn5Rm9Pxz0G,0.921,10,0.485,-7.283,1,0.0352,70.019,0.0769,7,4qftBBO7pnYlek3mRENIvM,Beach House,56ZTgzPBDge0OvCGgMO3OY,231360,Girl Of The Year,45
51,0.747,0.145,0.475,3Z8viVKTcHuyMmPjqSdPxo,0.751,0,0.11,-9.281,1,0.03,85.433,0.0777,7,4qftBBO7pnYlek3mRENIvM,Beach House,56ZTgzPBDge0OvCGgMO3OY,419640,Last Ride,44
52,0.822,0.742,0.407,6EuE9M1viu9gkdFSafia9o,0.0,2,0.0541,-6.938,1,0.426,116.064,0.39,ye,5EBGCvO6upi3GNknMVe9x9,Kanye West,5K4W6rqBFWDnAN6FQUkS6x,274186,I Thought About Killing You,60
53,0.145,0.676,0.777,2r4JRwcbIeuAzWjH4YXlLs,0.0,1,0.228,-3.241,0,0.357,173.931,0.226,ye,5EBGCvO6upi3GNknMVe9x9,Kanye West,5K4W6rqBFWDnAN6FQUkS6x,188773,Yikes,68
54,0.125,0.925,0.308,3qnoOm4fwZPBS116f5hpgF,0.0,11,0.0933,-6.562,0,0.338,122.099,0.265,ye,5EBGCvO6upi3GNknMVe9x9,Kanye West,5K4W6rqBFWDnAN6FQUkS6x,145506,All Mine,72
55,0.494,0.555,0.433,3dG6tjetoR4GMmUGZUprLt,0.0,3,0.313,-8.559,1,0.546,164.236,0.352,ye,5EBGCvO6upi3GNknMVe9x9,Kanye West,5K4W6rqBFWDnAN6FQUkS6x,205546,Wouldn't Leave,61
56,0.039,0.64,0.643,1DdgqEZk4Hqfpl3drdXJun,0.0,10,0.109,-2.442,0,0.0625,80.025,0.335,ye,5EBGCvO6upi3GNknMVe9x9,Kanye West,5K4W6rqBFWDnAN6FQUkS6x,123040,No Mistakes,59
57,0.0954,0.572,0.543,6Bg7MznA9X0dIhlAsLyBYj,0.0,7,0.329,-4.251,0,0.0287,83.364,0.329,ye,5EBGCvO6upi3GNknMVe9x9,Kanye West,5K4W6rqBFWDnAN6FQUkS6x,271386,Ghost Town,66
58,0.374,0.665,0.417,2VYb3Fb5iK5Y8HGZ8oEEkp,0.0,1,0.186,-6.731,0,0.524,110.111,0.04,ye,5EBGCvO6upi3GNknMVe9x9,Kanye West,5K4W6rqBFWDnAN6FQUkS6x,215320,Violent Crimes,64
59,0.864,0.643,0.152,3lQIXyuGAtMkZEu7JdB2yT,0.00105,10,0.0993,-17.861,0,0.0389,130.354,0.432,Getz/Gilberto (Expanded Edition),3AXCsntzZYilqpvN1A7Tot,Stan Getz,0FMucZsEnCxs5pqBjHjIc8,320253,The Girl From Ipanema - Stereo Version,1
60,0.881,0.578,0.235,1hd4oxv2vmZXULBwH1zU5m,0.00321,2,0.11,-14.254,1,0.118,161.887,0.708,Getz/Gilberto (Expanded Edition),3AXCsntzZYilqpvN1A7Tot,Stan Getz,0FMucZsEnCxs5pqBjHjIc8,166400,Doralice - Stereo Version,0
61,0.939,0.501,0.135,2RNwZofIX7vbNdasnejlJ1,0.00312,3,0.106,-18.09,1,0.0419,131.482,0.429,Getz/Gilberto (Expanded Edition),3AXCsntzZYilqpvN1A7Tot,Stan Getz,0FMucZsEnCxs5pqBjHjIc8,307253,Para Machuchar Meu Coracao - Stereo Version,0
62,0.908,0.467,0.185,1PvRUZH1XBwx85iT8zBNe9,0.00157,10,0.117,-17.447,1,0.0412,144.368,0.467,Getz/Gilberto (Expanded Edition),3AXCsntzZYilqpvN1A7Tot,Stan Getz,0FMucZsEnCxs5pqBjHjIc8,248013,Desafinado - Stereo Version,1
63,0.921,0.517,0.128,51s2DkilAycE3mqLrGSqfw,0.00201,0,0.254,-17.735,1,0.0475,127.533,0.358,Getz/Gilberto (Expanded Edition),3AXCsntzZYilqpvN1A7Tot,Stan Getz,0FMucZsEnCxs5pqBjHjIc8,256560,Corcovado - Quiet Nights Of Quiet Stars,3
64,0.821,0.428,0.292,4If4KlRbJkmR09AZ19TsfQ,0.223,5,0.0998,-13.54,0,0.076,45.1,0.549,Getz/Gilberto (Expanded Edition),3AXCsntzZYilqpvN1A7Tot,Stan Getz,0FMucZsEnCxs5pqBjHjIc8,220373,Só Danço Samba - Stereo Version,0
65,0.952,0.586,0.13,2SbfsBWqYjrn1Cb4xeVs61,0.232,2,0.105,-18.517,0,0.0425,130.22,0.263,Getz/Gilberto (Expanded Edition),3AXCsntzZYilqpvN1A7Tot,Stan Getz,0FMucZsEnCxs5pqBjHjIc8,327280,O Grande Amor - Stereo Version,0
66,0.884,0.464,0.177,4fONIwyOTpntY0QmCbkw9s,0.00778,7,0.103,-15.41,1,0.0576,141.366,0.326,Getz/Gilberto (Expanded Edition),3AXCsntzZYilqpvN1A7Tot,Antônio Carlos Jobim,3pO5VjZ4wOHCMBXOvbMISG,176733,Vivo Sohando - Stereo Version,0
67,0.934,0.649,0.171,7MR11TaugS3MbJfOBYCuX9,0.00647,5,0.106,-16.245,0,0.0367,130.583,0.428,Getz/Gilberto (Expanded Edition),3AXCsntzZYilqpvN1A7Tot,Stan Getz,0FMucZsEnCxs5pqBjHjIc8,313280,The Girl From Ipanema - Mono Version,0
68,0.955,0.585,0.238,2VdKzQyIWhYevE5bMlMjfd,0.644,2,0.111,-14.01,1,0.0612,160.016,0.835,Getz/Gilberto (Expanded Edition),3AXCsntzZYilqpvN1A7Tot,Stan Getz,0FMucZsEnCxs5pqBjHjIc8,165800,Doralice - Mono Version,0
69,0.964,0.482,0.171,70zx1O0wGfefmbTf2MWhor,0.0502,3,0.0969,-15.805,1,0.038,131.538,0.433,Getz/Gilberto (Expanded Edition),3AXCsntzZYilqpvN1A7Tot,Stan Getz,0FMucZsEnCxs5pqBjHjIc8,306480,Para Machuchar Meu Coracao - Mono Version,0
70,0.932,0.454,0.236,2gKgBbFYREuAzDQ7Rv0crY,0.0316,3,0.107,-15.04,1,0.0452,146.273,0.539,Getz/Gilberto (Expanded Edition),3AXCsntzZYilqpvN1A7Tot,Stan Getz,0FMucZsEnCxs5pqBjHjIc8,250280,Desafinado - Mono Version,0
71,0.949,0.527,0.183,6xyUI5AJYrYqB71oTCCpNj,0.0219,9,0.117,-15.784,0,0.0394,127.434,0.405,Getz/Gilberto (Expanded Edition),3AXCsntzZYilqpvN1A7Tot,Stan Getz,0FMucZsEnCxs5pqBjHjIc8,254866,Corcovado (Quiet Nights Of Quiet Stars) - Mono Version,0
72,0.843,0.58,0.357,1hQDvDch17YIhVw2W73ZCb,0.351,8,0.113,-10.86,1,0.0373,81.778,0.746,Getz/Gilberto (Expanded Edition),3AXCsntzZYilqpvN1A7Tot,Stan Getz,0FMucZsEnCxs5pqBjHjIc8,203573,Só Danço Samba - Mono Version,0
73,0.973,0.573,0.184,5go5Y5GgAOurZi1R8eIbpa,0.633,2,0.2,-15.905,0,0.0373,130.346,0.317,Getz/Gilberto (Expanded Edition),3AXCsntzZYilqpvN1A7Tot,Stan Getz,0FMucZsEnCxs5pqBjHjIc8,326746,O Grande Amor - Mono Version,0
74,0.942,0.446,0.247,0P2ou2EdCErZUweC5S83Uj,0.0192,7,0.0924,-14.626,1,0.0354,143.494,0.37,Getz/Gilberto (Expanded Edition),3AXCsntzZYilqpvN1A7Tot,Antônio Carlos Jobim,3pO5VjZ4wOHCMBXOvbMISG,176866,Vivo Sohando - Mono Version,0
75,0.948,0.699,0.171,3Xe96ucxNHmJlpzRsCaYBN,0.000607,5,0.105,-16.483,0,0.0386,130.914,0.528,Getz/Gilberto (Expanded Edition),3AXCsntzZYilqpvN1A7Tot,Stan Getz,0FMucZsEnCxs5pqBjHjIc8,167533,The Girl From Ipanema - Single Version,2
76,0.955,0.53,0.194,29oXPFUTTswZMfsUlswFgo,0.0018,9,0.119,-15.717,0,0.0409,128.612,0.477,Getz/Gilberto (Expanded Edition),3AXCsntzZYilqpvN1A7Tot,Stan Getz,0FMucZsEnCxs5pqBjHjIc8,139986,Corcovado (Quiet Nights Of Quiet Stars) - Single Version,2
77,0.884,0.778,0.206,4i9RG4RyYx1LtjVzcKCfJW,0.000314,6,0.142,-15.625,0,0.0502,120.347,0.571,Life Aquatic Studio Sessions,1SNpKbDbDIe8C4XPTR8fNC,Seu Jorge,0i1s9WcIu0PrUvHzALgofo,165466,Rebel Rebel,0
78,0.899,0.655,0.146,56UNbtUndQhLE7j74dGjDg,0.0011,10,0.119,-16.69,1,0.0503,124.104,0.279,Life Aquatic Studio Sessions,1SNpKbDbDIe8C4XPTR8fNC,Seu Jorge,0i1s9WcIu0PrUvHzALgofo,209066,Life On Mars,0
79,0.851,0.605,0.346,2DSQMY9cM7SH8Zl76M0p9Q,0.0,5,0.102,-11.459,1,0.0417,121.361,0.648,Life Aquatic Studio Sessions,1SNpKbDbDIe8C4XPTR8fNC,Seu Jorge,0i1s9WcIu0PrUvHzALgofo,195813,O Astronauta De Mármore - Starman,0
80,0.785,0.586,0.312,5OwexBXAKzicbvxlBNbmYo,0.0,7,0.0964,-9.904,1,0.0299,81.959,0.361,Life Aquatic Studio Sessions,1SNpKbDbDIe8C4XPTR8fNC,Seu Jorge,0i1s9WcIu0PrUvHzALgofo,221933,Ziggy Stardust,0
81,0.924,0.552,0.178,6AHjA3aFpJoNbxGiSUHPPI,0.0017,9,0.149,-15.495,1,0.0392,119.016,0.367,Life Aquatic Studio Sessions,1SNpKbDbDIe8C4XPTR8fNC,Seu Jorge,0i1s9WcIu0PrUvHzALgofo,209160,Lady Stardust,0
82,0.87,0.602,0.222,0zOLf4ShpVXML2xIYynG1j,0.0386,0,0.111,-13.248,1,0.047,111.008,0.317,Life Aquatic Studio Sessions,1SNpKbDbDIe8C4XPTR8fNC,Seu Jorge,0i1s9WcIu0PrUvHzALgofo,218906,Changes,0
83,0.852,0.649,0.144,2CPZrB0kz6vxIXZWlxwZjD,0.000632,1,0.101,-16.482,1,0.0526,143.408,0.514,Life Aquatic Studio Sessions,1SNpKbDbDIe8C4XPTR8fNC,Seu Jorge,0i1s9WcIu0PrUvHzALgofo,212546,Oh! You Pretty Things,0
84,0.807,0.528,0.207,2dO5oTqt6kJ5RLaXR5nmV1,9.01e-06,5,0.102,-11.028,1,0.246,177.685,0.21,Life Aquatic Studio Sessions,1SNpKbDbDIe8C4XPTR8fNC,Seu Jorge,0i1s9WcIu0PrUvHzALgofo,188600,Rock N' Roll Suicide,0
85,0.9,0.698,0.187,1aEMJ6UmEMDismz27v18P0,0.00151,9,0.176,-15.33,0,0.0501,128.375,0.518,Life Aquatic Studio Sessions,1SNpKbDbDIe8C4XPTR8fNC,Seu Jorge,0i1s9WcIu0PrUvHzALgofo,190466,Suffragette City,0
86,0.909,0.428,0.214,6k2XweyClLmsMFU35xkH1V,3.98e-05,7,0.112,-10.83,1,0.0691,52.243,0.406,Life Aquatic Studio Sessions,1SNpKbDbDIe8C4XPTR8fNC,Seu Jorge,0i1s9WcIu0PrUvHzALgofo,237520,Five Years,0
87,0.8,0.697,0.448,3SIDb3zJlJMz3Q1AxJyaiO,5.17e-06,0,0.216,-9.202,1,0.0523,137.568,0.668,Life Aquatic Studio Sessions,1SNpKbDbDIe8C4XPTR8fNC,Seu Jorge,0i1s9WcIu0PrUvHzALgofo,220933,Queen Bitch,0
88,0.866,0.651,0.222,4fXO7Odm9ivYBQnR61eae2,0.0,5,0.216,-11.258,1,0.0514,102.824,0.366,Life Aquatic Studio Sessions,1SNpKbDbDIe8C4XPTR8fNC,Seu Jorge,0i1s9WcIu0PrUvHzALgofo,173613,When I Live My Dream,0
89,0.866,0.572,0.14,5ifoJlUIwM64tStrQvcVyF,0.000363,2,0.0858,-13.267,1,0.0415,123.581,0.343,Life Aquatic Studio Sessions,1SNpKbDbDIe8C4XPTR8fNC,Seu Jorge,0i1s9WcIu0PrUvHzALgofo,274600,Quicksand,0
90,0.873,0.63,0.399,1qOviEI8vIHsqez0iXp9SH,0.0461,7,0.0978,-11.554,1,0.0365,93.502,0.776,Life Aquatic Studio Sessions,1SNpKbDbDIe8C4XPTR8fNC,Seu Jorge,0i1s9WcIu0PrUvHzALgofo,152200,Team Zissou,0
91,0.00358,0.447,0.584,70XrivdqpnfIHTjdkIdRHO,0.226,10,0.151,-8.665,1,0.0343,128.051,0.162,Soft Hate,05PZqRThPpG4y0tqkV7zU3,Memoryhouse,0T1n7Qbe4vwYIu42mB6qXe,241083,Fate,14
92,0.00779,0.607,0.852,6odWZEdDvve6QTRSp45Izw,0.813,1,0.124,-7.593,0,0.0397,120.005,0.125,Soft Hate,05PZqRThPpG4y0tqkV7zU3,Memoryhouse,0T1n7Qbe4vwYIu42mB6qXe,250221,Get Back,15
93,0.00776,0.487,0.803,2L9tpg7uF4t6CjKFxIhIuO,0.534,4,0.0924,-7.602,0,0.0338,105.02,0.277,Soft Hate,05PZqRThPpG4y0tqkV7zU3,Memoryhouse,0T1n7Qbe4vwYIu42mB6qXe,236414,Arizona,15
94,0.00258,0.566,0.801,2HN8Hx119ix69g6IiKO7QR,0.758,7,0.0874,-6.771,1,0.0371,136.018,0.435,Soft Hate,05PZqRThPpG4y0tqkV7zU3,Memoryhouse,0T1n7Qbe4vwYIu42mB6qXe,213261,Dream Shake,23
95,0.675,0.113,0.407,7BZz52VpQAxcV93LJ9ZvVI,0.887,0,0.148,-16.791,1,0.0424,77.978,0.137,Soft Hate,05PZqRThPpG4y0tqkV7zU3,Memoryhouse,0T1n7Qbe4vwYIu42mB6qXe,72137,In the Woods,13
96,0.00619,0.648,0.745,67FGvto1SiUNW2AhaY1ywq,0.05,0,0.192,-7.394,1,0.0284,116.029,0.323,Soft Hate,05PZqRThPpG4y0tqkV7zU3,Memoryhouse,0T1n7Qbe4vwYIu42mB6qXe,218694,Sarah,13
97,0.278,0.589,0.754,0Lb0FU4PK2ojVjkyVFcga3,0.545,9,0.0752,-8.53,0,0.0306,92.973,0.276,Soft Hate,05PZqRThPpG4y0tqkV7zU3,Memoryhouse,0T1n7Qbe4vwYIu42mB6qXe,200650,Knife in the Water,13
98,0.6,0.537,0.66,0qXdTpeJA23vOgG4qMpryk,0.752,11,0.0906,-10.954,0,0.0356,110.035,0.353,Soft Hate,05PZqRThPpG4y0tqkV7zU3,Memoryhouse,0T1n7Qbe4vwYIu42mB6qXe,194196,It Was True,12
99,0.0611,0.562,0.832,0EOdcIzyYvGdcxlST8nQhI,0.518,7,0.112,-7.318,1,0.0625,119.959,0.667,Soft Hate,05PZqRThPpG4y0tqkV7zU3,Memoryhouse,0T1n7Qbe4vwYIu42mB6qXe,213088,"Honey, Baby, Darling",11
100,5.05e-05,0.277,0.859,1x1Ql6v1wmSeQTFwp1FQr7,0.621,7,0.108,-6.847,1,0.088,134.083,0.257,Soft Hate,05PZqRThPpG4y0tqkV7zU3,Memoryhouse,0T1n7Qbe4vwYIu42mB6qXe,204000,Laney,10
101,0.758,0.658,0.542,7DRVOwHIJLIlAFG1pWYXoS,0.586,9,0.0589,-10.883,1,0.0296,99.023,0.572,Sleep Well Beast,6zG9PHw8dlMLIyRE9TEGGk,The National,2cCUtGK9sDU2EoElnk0GNB,280773,Nobody Else Will Be There,57
102,0.00389,0.432,0.947,3ysiD7ZgsPc3xgGJ59DpS7,0.711,2,0.0777,-5.442,1,0.0945,147.97,0.382,Sleep Well Beast,6zG9PHw8dlMLIyRE9TEGGk,The National,2cCUtGK9sDU2EoElnk0GNB,271533,Day I Die,58
103,0.643,0.727,0.474,5LtjCKfKxHT7bcwNQWgX1O,0.889,9,0.434,-12.468,1,0.0615,126.046,0.111,Sleep Well Beast,6zG9PHw8dlMLIyRE9TEGGk,The National,2cCUtGK9sDU2EoElnk0GNB,359360,Walk It Back,50
104,0.156,0.596,0.912,1HAzsv7VCvbgqrpenTRWj1,0.794,0,0.584,-6.74,0,0.211,110.013,0.371,Sleep Well Beast,6zG9PHw8dlMLIyRE9TEGGk,The National,2cCUtGK9sDU2EoElnk0GNB,236746,The System Only Dreams in Total Darkness,60
105,0.925,0.528,0.63,7wTRFTaQWhQ3AoHUWKvGAp,0.852,7,0.101,-13.168,0,0.0611,169.489,0.266,Sleep Well Beast,6zG9PHw8dlMLIyRE9TEGGk,The National,2cCUtGK9sDU2EoElnk0GNB,262679,Born to Beg,49
106,0.0706,0.424,0.991,5sj0i3OgwuBsyuCnandkHT,0.824,5,0.167,-3.832,1,0.213,109.858,0.109,Sleep Well Beast,6zG9PHw8dlMLIyRE9TEGGk,The National,2cCUtGK9sDU2EoElnk0GNB,180000,Turtleneck,47
107,0.521,0.592,0.642,1MLheFHpjzN0p1r1uQi05C,0.759,7,0.102,-10.993,0,0.0351,116.03,0.365,Sleep Well Beast,6zG9PHw8dlMLIyRE9TEGGk,The National,2cCUtGK9sDU2EoElnk0GNB,323760,Empire Line,51
108,0.332,0.536,0.837,2S8JIZCZb1cBnPyE5rxVQY,0.778,1,0.1,-7.494,1,0.0558,144.999,0.26,Sleep Well Beast,6zG9PHw8dlMLIyRE9TEGGk,The National,2cCUtGK9sDU2EoElnk0GNB,315280,I'll Still Destroy You,50
109,0.702,0.368,0.686,25RriQgYitvlhOso7ckY2r,0.779,2,0.124,-8.332,1,0.0723,181.017,0.587,Sleep Well Beast,6zG9PHw8dlMLIyRE9TEGGk,The National,2cCUtGK9sDU2EoElnk0GNB,338973,Guilty Party,57
110,0.594,0.54,0.615,4maI5FwVIzjrErduPjjZLO,0.803,10,0.12,-9.264,1,0.034,93.17,0.239,Sleep Well Beast,6zG9PHw8dlMLIyRE9TEGGk,The National,2cCUtGK9sDU2EoElnk0GNB,213733,Carin at the Liquor Store,53
111,0.726,0.642,0.475,1OdpIb0nzhDcqwkiYp0O1u,0.786,2,0.12,-11.404,1,0.0294,103.955,0.453,Sleep Well Beast,6zG9PHw8dlMLIyRE9TEGGk,The National,2cCUtGK9sDU2EoElnk0GNB,290093,Dark Side of the Gym,56
112,0.773,0.434,0.603,5AXI05aUkdL4F6o1EPvcJ8,0.647,2,0.118,-11.407,1,0.0804,137.985,0.348,Sleep Well Beast,6zG9PHw8dlMLIyRE9TEGGk,The National,2cCUtGK9sDU2EoElnk0GNB,393186,Sleep Well Beast,46
113,0.789,0.645,0.422,7q7BSSkNiuZyLgekXgRX13,0.000724,0,0.0792,-9.423,1,0.0303,111.549,0.289,You’re Dreaming,2u82YoTVFqN1Z7uIbqVCfr,The Cactus Blossoms,7kWwQAe9JnYNMk4kuEe73S,240933,Mississippi,2
114,0.295,0.754,0.538,6sXWdxM82iRsknvOdQxYBq,0.909,2,0.0807,-12.85,1,0.114,125.576,0.55,"Verses Of Confort, Assurance & Salvation",6lxNw5eEgJiDJI0vJkAYKO,Au Revoir Simone,0X0TajZO1RmY3D8u1JymYq,172066,The Winter Song,4
115,0.0965,0.771,0.523,4s5TKLscDjMMdJlIZ1NSHM,0.0672,0,0.0863,-8.412,1,0.0285,120.031,0.297,"Verses Of Confort, Assurance & Salvation",6lxNw5eEgJiDJI0vJkAYKO,Au Revoir Simone,0X0TajZO1RmY3D8u1JymYq,304013,Through The Backyards (Leander Remix),2
116,0.0542,0.506,0.794,7qOaVl06Cuas8zo3gh8DTx,0.00386,9,0.116,-10.344,0,0.181,149.842,0.405,Vespertine (Non-EU Version),6XRKE2Mh2dyOZWXtw6B6tx,Björk,7w29UYBi0qsHi5RTcv3lmA,330026,Hidden Place,0
117,0.637,0.784,0.37,1H6btoAQnUija8t4EONjOx,0.211,1,0.109,-14.849,1,0.051,127.827,0.134,Vespertine (Non-EU Version),6XRKE2Mh2dyOZWXtw6B6tx,Björk,7w29UYBi0qsHi5RTcv3lmA,269066,Cocoon,0
118,0.558,0.58,0.443,3cxBaWfnmhojJETpqBcuqB,0.000135,1,0.0627,-12.409,0,0.0549,79.949,0.293,Vespertine (Non-EU Version),6XRKE2Mh2dyOZWXtw6B6tx,Björk,7w29UYBi0qsHi5RTcv3lmA,307346,It's Not Up To You,0
119,0.783,0.404,0.374,0jtzu7UDv4LYq9KuIT7Iht,0.00645,2,0.115,-12.009,0,0.0361,115.397,0.0503,Vespertine (Non-EU Version),6XRKE2Mh2dyOZWXtw6B6tx,Björk,7w29UYBi0qsHi5RTcv3lmA,338080,Undo,0
120,0.494,0.513,0.477,3fM9EoQwLupMjjSuyDxsYV,5.01e-06,1,0.0687,-8.219,0,0.0298,131.946,0.131,Vespertine (Non-EU Version),6XRKE2Mh2dyOZWXtw6B6tx,Björk,7w29UYBi0qsHi5RTcv3lmA,315173,Pagan Poetry,0
121,0.641,0.441,0.375,0dpSsqQVOnTTC0sL6DoLhg,0.00419,6,0.385,-12.785,1,0.0324,148.137,0.108,Vespertine (Non-EU Version),6XRKE2Mh2dyOZWXtw6B6tx,Björk,7w29UYBi0qsHi5RTcv3lmA,103546,Frosti,0
122,0.364,0.564,0.594,2dgfyVRX4abjlAUgKVSN0C,3.99e-05,9,0.0813,-8.286,0,0.033,120.03,0.272,Vespertine (Non-EU Version),6XRKE2Mh2dyOZWXtw6B6tx,Björk,7w29UYBi0qsHi5RTcv3lmA,279106,Aurora,0
123,0.577,0.476,0.517,6wf9elyUSg0fAsOnVQttRq,0.134,2,0.154,-13.155,1,0.0723,127.907,0.074,Vespertine (Non-EU Version),6XRKE2Mh2dyOZWXtw6B6tx,Björk,7w29UYBi0qsHi5RTcv3lmA,242920,An Echo A Stain,0
124,0.739,0.199,0.277,2Q9IKmue9PGpDSC88XoLhQ,6.71e-06,10,0.091,-10.985,0,0.0297,92.313,0.176,Vespertine (Non-EU Version),6XRKE2Mh2dyOZWXtw6B6tx,Björk,7w29UYBi0qsHi5RTcv3lmA,160933,Sun In My Mouth,0
125,0.248,0.57,0.368,2v0HINQ8oaEaUVYl4yT06L,0.00518,5,0.0769,-11.625,1,0.05,179.799,0.511,Vespertine (Non-EU Version),6XRKE2Mh2dyOZWXtw6B6tx,Björk,7w29UYBi0qsHi5RTcv3lmA,310706,Heirloom,0
126,0.968,0.223,0.146,5KVAbEcDnpdY5tccbmiYEo,0.00259,10,0.0843,-15.994,0,0.035,135.577,0.0722,Vespertine (Non-EU Version),6XRKE2Mh2dyOZWXtw6B6tx,Björk,7w29UYBi0qsHi5RTcv3lmA,277786,Harm Of Will,0
127,0.413,0.521,0.519,1U8mS3UIowqUz2OTX7fmZR,0.0484,5,0.192,-10.971,1,0.0514,147.921,0.237,Vespertine (Non-EU Version),6XRKE2Mh2dyOZWXtw6B6tx,Björk,7w29UYBi0qsHi5RTcv3lmA,409240,Unison,0
128,0.0382,0.685,0.624,0z1exf1SZhszjwPWPmXFub,0.0295,2,0.116,-15.31,1,0.0364,109.457,0.542,Debut,4ORsCg1x8p80RfW0vXA35N,Björk,7w29UYBi0qsHi5RTcv3lmA,250933,Human Behaviour,1
129,0.00518,0.651,0.662,7teGZBxvYx1Jr4fHwB4Lwy,0.0151,4,0.523,-11.914,0,0.0307,116.204,0.709,Debut,4ORsCg1x8p80RfW0vXA35N,Björk,7w29UYBi0qsHi5RTcv3lmA,292066,Crying,0
130,0.0322,0.297,0.375,4kVL555WlWlEkZuUAsbdq3,0.0101,1,0.0577,-12.468,1,0.0434,68.1,0.786,Debut,4ORsCg1x8p80RfW0vXA35N,Björk,7w29UYBi0qsHi5RTcv3lmA,282666,Venus As A Boy,2
131,0.0634,0.729,0.485,2nf4E0oGbsmkl5B89OGoII,0.0394,7,0.955,-13.702,1,0.0367,124.243,0.745,Debut,4ORsCg1x8p80RfW0vXA35N,Björk,7w29UYBi0qsHi5RTcv3lmA,201706,There's More To Life Than This - Live At The Milk Bar Toilets,0
132,0.961,0.377,0.143,2xzfeMsbHYOVwMQnltpDja,5.54e-05,9,0.143,-15.755,0,0.0363,98.064,0.0759,Debut,4ORsCg1x8p80RfW0vXA35N,Björk,7w29UYBi0qsHi5RTcv3lmA,273533,Like Someone In Love,0
133,7.34e-05,0.728,0.717,7rxGuFcyZZPFWq7lTEOB0c,0.0172,1,0.167,-12.949,0,0.101,118.589,0.566,Debut,4ORsCg1x8p80RfW0vXA35N,Björk,7w29UYBi0qsHi5RTcv3lmA,236666,Big Time Sensuality,1
134,0.00497,0.614,0.497,6xY2G2qO4gQWg0iqVaiP7k,0.00216,0,0.0837,-14.057,1,0.0349,105.177,0.207,Debut,4ORsCg1x8p80RfW0vXA35N,Björk,7w29UYBi0qsHi5RTcv3lmA,321967,One Day,0
135,0.0938,0.629,0.275,2uRc2g1WIDWYTM0KqhKfj6,0.000853,7,0.143,-14.904,1,0.0315,104.657,0.13,Debut,4ORsCg1x8p80RfW0vXA35N,Björk,7w29UYBi0qsHi5RTcv3lmA,236493,Aeroplane,0
136,0.00224,0.48,0.582,3p0PeVSSet08Gp5MpvMTBd,3.03e-05,5,0.11,-14.274,1,0.0337,173.455,0.313,Debut,4ORsCg1x8p80RfW0vXA35N,Björk,7w29UYBi0qsHi5RTcv3lmA,295573,Come To Me,0
137,0.289,0.683,0.58,7HFbjG7R5WUCzqyZZItepN,0.00749,9,0.111,-15.098,0,0.0484,120.328,0.253,Debut,4ORsCg1x8p80RfW0vXA35N,Björk,7w29UYBi0qsHi5RTcv3lmA,299258,Violently Happy,0
138,0.936,0.424,0.0291,5QMiAdti0orCw5DhEiD8zc,1.05e-06,0,0.0619,-15.47,1,0.0688,174.112,0.372,Debut,4ORsCg1x8p80RfW0vXA35N,Björk,7w29UYBi0qsHi5RTcv3lmA,211600,The Anchor Song,0
139,0.000296,0.505,0.488,0Yf5QZuSwH3LUlzEWGdP1x,0.0886,10,0.117,-12.494,0,0.0287,77.341,0.336,Debut,4ORsCg1x8p80RfW0vXA35N,Björk,7w29UYBi0qsHi5RTcv3lmA,236000,"Play Dead - Tim Simenon 7"" Remix",1
140,0.144,0.18,0.649,4TlKmJuuSPy1pGRohaJHvV,0.115,8,0.109,-10.997,1,0.14,79.962,0.173,Homogenic,6HLUZogZcItLXDTnIEmUZv,Björk,7w29UYBi0qsHi5RTcv3lmA,253426,Hunter,3
141,0.394,0.319,0.683,4tp6vyJpXa0Vr73IYerX28,0.000181,1,0.0807,-6.942,0,0.0589,146.19,0.26,Homogenic,6HLUZogZcItLXDTnIEmUZv,Björk,7w29UYBi0qsHi5RTcv3lmA,305360,Joga,2
142,0.818,0.224,0.375,4Fboj27BiXn2YQ5b50DvMY,0.0,7,0.176,-10.42,1,0.0343,96.988,0.0557,Homogenic,6HLUZogZcItLXDTnIEmUZv,Björk,7w29UYBi0qsHi5RTcv3lmA,201800,Unravel,0
143,0.0602,0.463,0.901,6LBD2UfaLQLXxEFOvKcyim,1.36e-05,0,0.103,-4.972,0,0.0765,96.943,0.356,Homogenic,6HLUZogZcItLXDTnIEmUZv,Björk,7w29UYBi0qsHi5RTcv3lmA,312666,Bachelorette,1
144,0.596,0.532,0.501,3lhDXDEu1bA66G6iAP1Uzj,0.00664,0,0.0645,-10.776,0,0.0344,152.165,0.263,Homogenic,6HLUZogZcItLXDTnIEmUZv,Björk,7w29UYBi0qsHi5RTcv3lmA,353266,All Neon Like,0
145,0.162,0.439,0.887,1TBgL2uiSYxnB626QB2KKJ,0.0249,5,0.305,-6.583,1,0.335,82.778,0.545,Homogenic,6HLUZogZcItLXDTnIEmUZv,Björk,7w29UYBi0qsHi5RTcv3lmA,269066,5 Years,0
146,0.336,0.394,0.752,5MXA4XMKZj1sAJjVvwaTda,0.00319,6,0.0995,-7.851,0,0.0409,187.829,0.141,Homogenic,6HLUZogZcItLXDTnIEmUZv,Björk,7w29UYBi0qsHi5RTcv3lmA,186266,Immature - Mark Bell's Version,0
147,0.274,0.654,0.866,0tXsgmwTU8Nerfovi0QJyL,2.45e-06,5,0.0923,-5.781,0,0.0678,97.079,0.666,Homogenic,6HLUZogZcItLXDTnIEmUZv,Björk,7w29UYBi0qsHi5RTcv3lmA,259773,Alarm Call,0
148,0.0023,0.597,0.816,5gxmhdtCk86miMoL2b45c1,0.342,3,0.0776,-5.205,1,0.148,148.057,0.295,Homogenic,6HLUZogZcItLXDTnIEmUZv,Björk,7w29UYBi0qsHi5RTcv3lmA,199293,Pluto,0
149,0.0729,0.149,0.286,6Nju1zgAUkelFk22eYyPf9,3.27e-05,11,0.148,-10.022,1,0.0342,105.018,0.0368,Homogenic,6HLUZogZcItLXDTnIEmUZv,Björk,7w29UYBi0qsHi5RTcv3lmA,273106,All Is Full Of Love - Howie's Version,0
150,0.782,0.388,0.595,6DpFDr9jWUan60x5Vk5HdX,0.245,7,0.116,-9.864,0,0.0418,136.125,0.178,I Forget Where We Were,4EcVVeYCeafIQk383MQfp5,Ben Howard,5schNIzWdI9gJ1QRK8SBnc,343786,Small Things,11
151,0.678,0.534,0.486,3GKhmqTKawJwAU38G8tZ33,0.107,11,0.126,-10.36,0,0.0299,80.417,0.123,I Forget Where We Were,4EcVVeYCeafIQk383MQfp5,Ben Howard,5schNIzWdI9gJ1QRK8SBnc,311626,Rivers In Your Mouth,7
152,0.438,0.3,0.477,6rQvEE7Jvkdwnn8RroMs15,0.169,0,0.0924,-9.555,1,0.0365,112.976,0.187,I Forget Where We Were,4EcVVeYCeafIQk383MQfp5,Ben Howard,5schNIzWdI9gJ1QRK8SBnc,281213,I Forget Where We Were,13
153,0.617,0.491,0.598,4cbuJTJ4XP6dkkskYh3Ss1,0.571,0,0.136,-13.506,1,0.0398,126.746,0.267,I Forget Where We Were,4EcVVeYCeafIQk383MQfp5,Ben Howard,5schNIzWdI9gJ1QRK8SBnc,213440,In Dreams,8
154,0.389,0.6,0.498,5N1itNLaYtifU8YVbg9SBQ,0.26,0,0.0691,-12.637,0,0.0411,79.661,0.614,I Forget Where We Were,4EcVVeYCeafIQk383MQfp5,Ben Howard,5schNIzWdI9gJ1QRK8SBnc,317933,She Treats Me Well,22
155,0.831,0.395,0.522,7tTM1237EwhJnBv3eu2tVz,0.718,10,0.107,-12.936,1,0.0437,150.894,0.185,I Forget Where We Were,4EcVVeYCeafIQk383MQfp5,Ben Howard,5schNIzWdI9gJ1QRK8SBnc,409160,Time Is Dancing,6
156,0.949,0.366,0.211,1HqdwQLp3xXaUFv5xRCsek,0.847,10,0.105,-15.072,1,0.0339,69.056,0.179,I Forget Where We Were,4EcVVeYCeafIQk383MQfp5,Ben Howard,5schNIzWdI9gJ1QRK8SBnc,244946,Evergreen,5
157,0.494,0.377,0.371,485lbQ4xS5rKOVa8KjFZ8c,0.156,2,0.11,-10.556,0,0.0366,133.071,0.0502,I Forget Where We Were,4EcVVeYCeafIQk383MQfp5,Ben Howard,5schNIzWdI9gJ1QRK8SBnc,466040,End Of The Affair,6
158,0.909,0.579,0.313,3NZLUgW1Y3UvQYFrJETeSd,0.39,9,0.0834,-12.331,1,0.0269,81.029,0.207,I Forget Where We Were,4EcVVeYCeafIQk383MQfp5,Ben Howard,5schNIzWdI9gJ1QRK8SBnc,368120,Conrad,9
159,0.873,0.437,0.564,2Dv8ctCxpTCvvC9TiF96SM,0.582,4,0.082,-8.963,0,0.0434,156.903,0.454,I Forget Where We Were,4EcVVeYCeafIQk383MQfp5,Ben Howard,5schNIzWdI9gJ1QRK8SBnc,302426,All Is Now Harmed,4
160,0.19,0.716,0.67,0KcGtGiqBbOQ885PZUO9pk,0.00535,11,0.2,-11.027,1,0.0415,124.999,0.615,The Hanging Gardens Of Beatenberg,6fFw5Odl5pSqAs7uBhl1tA,Beatenberg,3S9sb8w9r1iojdrAL1soiU,250826,Rafael,1
161,0.0784,0.733,0.704,3Gz9xEyjmmAityLwqt3DAR,7.24e-06,10,0.318,-9.856,1,0.0489,110.019,0.657,The Hanging Gardens Of Beatenberg,6fFw5Odl5pSqAs7uBhl1tA,Beatenberg,3S9sb8w9r1iojdrAL1soiU,206133,Beauty Like A Tightened Bow,0
162,0.0298,0.704,0.729,3vQUE6tNowBzPiPK6VL9Dc,1.77e-05,5,0.323,-9.56,1,0.0406,110.017,0.82,The Hanging Gardens Of Beatenberg,6fFw5Odl5pSqAs7uBhl1tA,Beatenberg,3S9sb8w9r1iojdrAL1soiU,217466,Chelsea Blakemore,0
163,0.535,0.708,0.609,3YIijT5OlGY2kL8CUUOqVA,0.209,9,0.102,-12.472,0,0.049,125.969,0.385,The Hanging Gardens Of Beatenberg,6fFw5Odl5pSqAs7uBhl1tA,Beatenberg,3S9sb8w9r1iojdrAL1soiU,352493,Pluto,2
164,0.111,0.696,0.585,0ElOyMIFRXvsJgGcvZZZRb,0.00587,8,0.0834,-8.675,1,0.0419,95.049,0.628,The Hanging Gardens Of Beatenberg,6fFw5Odl5pSqAs7uBhl1tA,Beatenberg,3S9sb8w9r1iojdrAL1soiU,237480,Southern Suburbs,1
165,0.598,0.631,0.566,5co3HyRoky6NcXw7lFuuc3,0.124,8,0.105,-10.794,1,0.0289,119.988,0.688,The Hanging Gardens Of Beatenberg,6fFw5Odl5pSqAs7uBhl1tA,Beatenberg,3S9sb8w9r1iojdrAL1soiU,208213,Scorpionfish,1
166,0.102,0.69,0.443,6JWxbnNdUEpPaBlhCn16fo,0.751,8,0.234,-10.879,1,0.21,145.85,0.569,The Hanging Gardens Of Beatenberg,6fFw5Odl5pSqAs7uBhl1tA,Beatenberg,3S9sb8w9r1iojdrAL1soiU,289213,Ithaca,2
167,0.405,0.631,0.672,2D1malNvV9JLneMuty2wX4,0.00155,4,0.101,-9.121,1,0.0416,159.944,0.638,The Hanging Gardens Of Beatenberg,6fFw5Odl5pSqAs7uBhl1tA,Beatenberg,3S9sb8w9r1iojdrAL1soiU,242426,Cavendish Square,0
168,0.765,0.683,0.286,2F9J2OJLazxkA9d8CfnaGW,0.0,0,0.107,-11.25,0,0.0279,106.084,0.489,The Hanging Gardens Of Beatenberg,6fFw5Odl5pSqAs7uBhl1tA,Beatenberg,3S9sb8w9r1iojdrAL1soiU,221853,Facebook Apologia,0
169,0.00925,0.674,0.423,4fwqZUjQCJ5DertS4Y1ReM,0.000211,11,0.331,-10.752,1,0.041,94.94,0.269,The Hanging Gardens Of Beatenberg,6fFw5Odl5pSqAs7uBhl1tA,Beatenberg,3S9sb8w9r1iojdrAL1soiU,216840,Echoes,0
170,0.463,0.776,0.604,56tWQfXsm2euY0grHzl2tz,0.00018,0,0.0684,-8.04,1,0.0428,95.035,0.903,The Hanging Gardens Of Beatenberg,6fFw5Odl5pSqAs7uBhl1tA,Beatenberg,3S9sb8w9r1iojdrAL1soiU,189800,All About Me,0
171,0.467,0.493,0.434,4p781GSsW5hwBHWqr7zK4b,0.0,7,0.0775,-11.712,1,0.24,76.72,0.233,The Hanging Gardens Of Beatenberg,6fFw5Odl5pSqAs7uBhl1tA,Beatenberg,3S9sb8w9r1iojdrAL1soiU,257186,Cape To Rio,0
172,0.504,0.662,0.482,045YBB9NlBGJuLmWgPjIcK,0.0,7,0.133,-10.777,1,0.044,125.087,0.344,The Hanging Gardens Of Beatenberg,6fFw5Odl5pSqAs7uBhl1tA,Beatenberg,3S9sb8w9r1iojdrAL1soiU,284893,The Prince Of The Hanging Gardens,0
173,0.0108,0.331,0.668,0mCkyTrMKQObB6is9Y9ZQz,3.13e-06,6,0.177,-8.768,0,0.0656,93.357,0.478,Coração Selvagem,68KNCin7qf7l9EcM7pWTRV,Belchior,0C8HhyOa7zfzIl3gmPjY52,284040,Coração selvagem,44
174,0.424,0.299,0.21,0xc4YQKC7FxxjpT1cwtVI7,1.77e-05,9,0.127,-12.548,1,0.032,80.263,0.192,Coração Selvagem,68KNCin7qf7l9EcM7pWTRV,Belchior,0C8HhyOa7zfzIl3gmPjY52,257826,Paralelas,26
175,0.453,0.411,0.687,6soC4ZjDNPkaJgyw7VUh9E,0.0,2,0.142,-5.804,1,0.0518,104.018,0.501,Coração Selvagem,68KNCin7qf7l9EcM7pWTRV,Belchior,0C8HhyOa7zfzIl3gmPjY52,258680,Todo sujo de batom,36
176,0.164,0.688,0.733,0ONUTqTkG8NRKZDbcJCRYx,7.89e-05,7,0.367,-11.37,1,0.065,124.31,0.899,Coração Selvagem,68KNCin7qf7l9EcM7pWTRV,Belchior,0C8HhyOa7zfzIl3gmPjY52,177666,Caso comum de trânsito,32
177,0.734,0.643,0.344,5zpVjp0qKnDrUab6IKDjo2,2.06e-05,2,0.213,-9.998,1,0.0289,117.354,0.254,Coração Selvagem,68KNCin7qf7l9EcM7pWTRV,Belchior,0C8HhyOa7zfzIl3gmPjY52,293000,Pequeno Mapa do Tempo,35
178,0.0186,0.659,0.865,5adyTDIiej5WxVbnZs8o3o,3.88e-05,9,0.0847,-7.773,1,0.0978,138.038,0.613,Coração Selvagem,68KNCin7qf7l9EcM7pWTRV,Belchior,0C8HhyOa7zfzIl3gmPjY52,186000,"Galos, noites e quintais",24
179,0.37,0.53,0.505,2HKUFQSEqnNjyUOtdQe9Xc,0.0,9,0.291,-12.408,1,0.174,138.967,0.419,Coração Selvagem,68KNCin7qf7l9EcM7pWTRV,Belchior,0C8HhyOa7zfzIl3gmPjY52,225533,Clamor no deserto,29
180,0.68,0.5,0.244,4PKTRoJvc1TyrTpoO7ho2s,4.25e-06,4,0.122,-13.544,1,0.0335,139.801,0.39,Coração Selvagem,68KNCin7qf7l9EcM7pWTRV,Belchior,0C8HhyOa7zfzIl3gmPjY52,213533,Populus,29
181,0.0297,0.727,0.742,2PxWh5tFL4apaFgcViO3rA,0.0,4,0.259,-11.9,1,0.209,115.051,0.152,Coração Selvagem,68KNCin7qf7l9EcM7pWTRV,Belchior,0C8HhyOa7zfzIl3gmPjY52,78000,Carisma,18
182,0.0352,0.502,0.493,01sM1zA7j3NzCnHdEMWRbu,0.00383,6,0.343,-9.326,0,0.0339,124.314,0.143,Sea Change,69Wr9DvWfIJRTi5NUGeVTn,Beck,3vbKDsSS70ZX9D2OcvbZmS,274813,The Golden Age,3
183,0.106,0.371,0.548,7jNgwmmZ3oY32mpg4UPDYn,0.763,9,0.179,-9.996,1,0.0393,142.148,0.465,Sea Change,69Wr9DvWfIJRTi5NUGeVTn,Beck,3vbKDsSS70ZX9D2OcvbZmS,275533,Paper Tiger,1
184,0.143,0.433,0.411,47LmDVFcqhs7XNfZ3MkHNO,7.96e-05,9,0.164,-8.45,1,0.0271,117.789,0.248,Sea Change,69Wr9DvWfIJRTi5NUGeVTn,Beck,3vbKDsSS70ZX9D2OcvbZmS,289293,Guess I'm Doing Fine,2
185,0.0129,0.202,0.523,2LGa2AyXcQKJf9VMJqq3Qr,0.607,6,0.108,-8.921,1,0.0311,134.516,0.112,Sea Change,69Wr9DvWfIJRTi5NUGeVTn,Beck,3vbKDsSS70ZX9D2OcvbZmS,337640,Lonesome Tears,1
186,0.261,0.611,0.577,5GcQBo4wPu0S09M7qDJzAi,0.000786,0,0.467,-8.728,1,0.0297,119.879,0.212,Sea Change,69Wr9DvWfIJRTi5NUGeVTn,Beck,3vbKDsSS70ZX9D2OcvbZmS,227360,Lost Cause,4
187,0.301,0.527,0.38,62yVSJdKUxLy8YW2ozUYhJ,0.00111,7,0.119,-11.053,1,0.0306,128.01,0.0712,Sea Change,69Wr9DvWfIJRTi5NUGeVTn,Beck,3vbKDsSS70ZX9D2OcvbZmS,303066,End Of The Day,1
188,0.456,0.505,0.345,628lkPpEgupD16dTS454ls,1.14e-05,4,0.106,-11.437,1,0.0276,108.364,0.155,Sea Change,69Wr9DvWfIJRTi5NUGeVTn,Beck,3vbKDsSS70ZX9D2OcvbZmS,185733,It's All In Your Mind,1
189,0.486,0.222,0.287,5dvkjrVPehn0Agw8h2Pg8a,0.874,2,0.145,-11.684,0,0.0299,79.201,0.0814,Sea Change,69Wr9DvWfIJRTi5NUGeVTn,Beck,3vbKDsSS70ZX9D2OcvbZmS,315226,Round The Bend,0
190,0.208,0.658,0.408,7xt0xnoJ5PPb1dnfkSGv6j,0.00199,0,0.103,-10.261,1,0.0257,115.07,0.335,Sea Change,69Wr9DvWfIJRTi5NUGeVTn,Beck,3vbKDsSS70ZX9D2OcvbZmS,178946,Already Dead,2
191,0.222,0.521,0.722,4XRVxfUU13wemXeRcXNkoj,0.00783,4,0.138,-7.14,1,0.0259,99.449,0.339,Sea Change,69Wr9DvWfIJRTi5NUGeVTn,Beck,3vbKDsSS70ZX9D2OcvbZmS,284466,Sunday Sun,0
192,0.288,0.216,0.555,4uLPtzekMTywsGCJcZ7Y11,8.66e-05,9,0.116,-7.606,1,0.0315,166.578,0.115,Sea Change,69Wr9DvWfIJRTi5NUGeVTn,Beck,3vbKDsSS70ZX9D2OcvbZmS,266893,Little One,0
193,0.802,0.534,0.191,7EoghSYd1xYE5nPrKTYKkb,0.243,5,0.0925,-15.7,1,0.0288,105.438,0.143,Sea Change,69Wr9DvWfIJRTi5NUGeVTn,Beck,3vbKDsSS70ZX9D2OcvbZmS,203573,Side Of The Road,0
194,0.0325,0.445,0.705,2vAts2sr7wl8NJwd8qmUEo,0.0917,3,0.0828,-6.257,1,0.0292,141.953,0.409,Bloom,0AL7olZ75pi55q9p1eHaD8,Beach House,56ZTgzPBDge0OvCGgMO3OY,258653,Myth,43
195,0.00395,0.439,0.841,4USmv48xjR66HcOc3Fh5Tg,0.0013,2,0.132,-5.286,1,0.0353,94.614,0.267,Bloom,0AL7olZ75pi55q9p1eHaD8,Beach House,56ZTgzPBDge0OvCGgMO3OY,298320,Wild,29
196,0.0105,0.341,0.81,6CRfkaTvhswSXSnnn3zVyj,0.629,11,0.263,-5.79,0,0.0298,219.134,0.722,Bloom,0AL7olZ75pi55q9p1eHaD8,Beach House,56ZTgzPBDge0OvCGgMO3OY,301866,Lazuli,34
197,0.15,0.316,0.509,0YP3Eae3Ecr1CYpurF6ULH,0.0,3,0.58,-7.404,1,0.0317,174.151,0.182,Bloom,0AL7olZ75pi55q9p1eHaD8,Beach House,56ZTgzPBDge0OvCGgMO3OY,264626,Other People,30
198,0.0869,0.345,0.523,7gn569mQvx7hSmpXq1zz7s,3.12e-06,0,0.31,-5.7,1,0.0285,169.621,0.437,Bloom,0AL7olZ75pi55q9p1eHaD8,Beach House,56ZTgzPBDge0OvCGgMO3OY,251720,The Hours,29
199,0.14,0.315,0.626,4HHZO4ZFpqELKIKMnFV5P4,0.00063,0,0.0846,-7.64,1,0.0353,177.082,0.27,Bloom,0AL7olZ75pi55q9p1eHaD8,Beach House,56ZTgzPBDge0OvCGgMO3OY,295546,Troublemaker,25
200,0.0838,0.457,0.765,1gNtAARU9zhIIGviKOjqqA,0.000744,10,0.137,-5.762,1,0.0299,108.964,0.182,Bloom,0AL7olZ75pi55q9p1eHaD8,Beach House,56ZTgzPBDge0OvCGgMO3OY,325760,New Year,25
201,0.163,0.368,0.772,6LLIAK1z53MGModyCyqWmd,0.0696,7,0.0837,-7.31,1,0.0315,74.822,0.213,Bloom,0AL7olZ75pi55q9p1eHaD8,Beach House,56ZTgzPBDge0OvCGgMO3OY,286960,Wishes,27
202,0.724,0.47,0.52,6lDITMl8ffCLbhuxy47eua,0.05,3,0.0938,-7.675,1,0.029,102.281,0.191,Bloom,0AL7olZ75pi55q9p1eHaD8,Beach House,56ZTgzPBDge0OvCGgMO3OY,332466,On the Sea,26
203,0.0124,0.211,7.15e-05,2yNIsNIIfH75Jd7CmgaDjE,0.456,2,0.109,-7.308,1,0.0427,128.007,0.0456,Bloom,0AL7olZ75pi55q9p1eHaD8,Beach House,56ZTgzPBDge0OvCGgMO3OY,1017013,Irene,22
204,0.861,0.612,0.476,3pJnX5b1lZYgM5rz4DMJNK,0.00401,8,0.147,-8.256,1,0.0275,118.383,0.257,Teen Dream,6psfQ7hu5uqFLkdtWyygcT,Beach House,56ZTgzPBDge0OvCGgMO3OY,288720,Zebra,33
205,0.471,0.355,0.671,6uz2JnWMcYfmWgJ7XEsjui,0.00011,2,0.288,-5.824,1,0.0324,135.027,0.113,Teen Dream,6psfQ7hu5uqFLkdtWyygcT,Beach House,56ZTgzPBDge0OvCGgMO3OY,298680,Silver Soul,29
206,0.238,0.461,0.477,6zf4xUi9UJkgM0zntJJcak,0.0125,5,0.103,-6.4,1,0.0283,118.659,0.175,Teen Dream,6psfQ7hu5uqFLkdtWyygcT,Beach House,56ZTgzPBDge0OvCGgMO3OY,234800,Norway,26
207,0.0603,0.637,0.548,1m9mtrF0LlZKV3Fjy9LAH0,0.0842,5,0.0785,-6.527,1,0.0253,141.387,0.868,Teen Dream,6psfQ7hu5uqFLkdtWyygcT,Beach House,56ZTgzPBDge0OvCGgMO3OY,322760,Walk in the Park,27
208,0.569,0.433,0.549,1WxBdKoBP6fywxzoZNwJXs,0.00305,2,0.102,-7.143,1,0.0259,179.491,0.229,Teen Dream,6psfQ7hu5uqFLkdtWyygcT,Beach House,56ZTgzPBDge0OvCGgMO3OY,238760,Used to Be,23
209,0.2,0.613,0.448,3vjg1jp8IpMd121WcDiF6L,0.00951,9,0.104,-5.258,0,0.0264,97.261,0.281,Teen Dream,6psfQ7hu5uqFLkdtWyygcT,Beach House,56ZTgzPBDge0OvCGgMO3OY,306386,Lover of Mine,23
210,0.715,0.641,0.468,0W484d22w4hz4TFFBqxeZB,0.0055,7,0.131,-7.461,0,0.0256,92.941,0.301,Teen Dream,6psfQ7hu5uqFLkdtWyygcT,Beach House,56ZTgzPBDge0OvCGgMO3OY,263306,Better Times,22
211,0.0523,0.24,0.738,7Iz63V0xBoXt72SYyT0EzT,0.00121,10,0.419,-4.383,0,0.0472,193.023,0.305,Teen Dream,6psfQ7hu5uqFLkdtWyygcT,Beach House,56ZTgzPBDge0OvCGgMO3OY,303853,10 Mile Stereo,23
212,0.628,0.608,0.443,7JyK8YGl67uHDrJ6KqGyZ2,0.00121,5,0.123,-10.705,1,0.0241,99.531,0.358,Teen Dream,6psfQ7hu5uqFLkdtWyygcT,Beach House,56ZTgzPBDge0OvCGgMO3OY,320480,Real Love,22
213,0.472,0.567,0.865,0D2m3GX6mNfNB6dKJQjCgM,0.000437,1,0.0845,-7.401,1,0.0289,110.851,0.421,Teen Dream,6psfQ7hu5uqFLkdtWyygcT,Beach House,56ZTgzPBDge0OvCGgMO3OY,348440,Take Care,34
214,0.725,0.396,0.686,2CQRYn5cTD2B9a1ONjhTN2,1.04e-06,5,0.17,-5.607,1,0.0341,124.318,0.717,Pet Sounds (Original Mono & Stereo Mix Versions),6GphKx2QAPRoVGWE9D7ou8,The Beach Boys,3oDbviiivRWhXwIE8hxkVV,145800,Wouldn't It Be Nice - Remastered,51
215,0.119,0.436,0.434,4fJtDPJ2NiLfFfZfu8HyYc,2.95e-06,11,0.183,-7.965,1,0.031,88.872,0.121,Pet Sounds (Original Mono & Stereo Mix Versions),6GphKx2QAPRoVGWE9D7ou8,The Beach Boys,3oDbviiivRWhXwIE8hxkVV,154960,You Still Believe In Me - Remastered,43
216,0.565,0.598,0.553,0VJZtH2OjNKskNegMVIzYR,6.76e-06,4,0.079,-7.473,1,0.0291,116.04,0.356,Pet Sounds (Original Mono & Stereo Mix Versions),6GphKx2QAPRoVGWE9D7ou8,The Beach Boys,3oDbviiivRWhXwIE8hxkVV,150106,That's Not Me - Remastered,49
217,0.0985,0.117,0.243,6gDRRyg6bSODdwbuUBupoU,0.00615,6,0.0934,-11.335,1,0.0353,85.94,0.102,Pet Sounds (Original Mono & Stereo Mix Versions),6GphKx2QAPRoVGWE9D7ou8,The Beach Boys,3oDbviiivRWhXwIE8hxkVV,174293,Don't Talk (Put Your Head On My Shoulder) - Remastered,43
218,0.544,0.317,0.584,2Bjic7K9fTNS8pYuMXq8Va,0.000725,4,0.144,-6.245,1,0.0386,166.209,0.681,Pet Sounds (Original Mono & Stereo Mix Versions),6GphKx2QAPRoVGWE9D7ou8,The Beach Boys,3oDbviiivRWhXwIE8hxkVV,186306,I'm Waiting For The Day - Remastered,41
219,0.254,0.279,0.31,3GsgJI1aBrvUtqX8f3MhKT,0.806,2,0.101,-13.113,1,0.0253,87.872,0.0807,Pet Sounds (Original Mono & Stereo Mix Versions),6GphKx2QAPRoVGWE9D7ou8,The Beach Boys,3oDbviiivRWhXwIE8hxkVV,141226,Let's Go Away For A While - Remastered,49
220,0.402,0.567,0.745,2ULL3VZf4WwBKO4vjwT7Bg,0.0,8,0.0873,-5.423,1,0.0264,125.575,0.903,Pet Sounds (Original Mono & Stereo Mix Versions),6GphKx2QAPRoVGWE9D7ou8,The Beach Boys,3oDbviiivRWhXwIE8hxkVV,180133,Sloop John B - Remastered,56
221,0.253,0.521,0.487,6iGU74CwXuT4XVepjc9Emf,0.0,6,0.0579,-7.525,0,0.0299,117.072,0.483,Pet Sounds (Original Mono & Stereo Mix Versions),6GphKx2QAPRoVGWE9D7ou8,The Beach Boys,3oDbviiivRWhXwIE8hxkVV,173040,God Only Knows - Remastered,65
222,0.123,0.602,0.739,5VsxBUyw0TRwVC7ja1CIBc,5.73e-05,10,0.228,-5.715,1,0.0272,116.668,0.569,Pet Sounds (Original Mono & Stereo Mix Versions),6GphKx2QAPRoVGWE9D7ou8,The Beach Boys,3oDbviiivRWhXwIE8hxkVV,191293,I Know There's An Answer - Remastered,44
223,0.489,0.52,0.75,3Ev5ATks540KaOFTjIH97S,1.85e-06,9,0.106,-5.26,1,0.0438,121.082,0.652,Pet Sounds (Original Mono & Stereo Mix Versions),6GphKx2QAPRoVGWE9D7ou8,The Beach Boys,3oDbviiivRWhXwIE8hxkVV,175266,Here Today - Remastered,41
224,0.513,0.22,0.581,4CuO8TINNqM3D7aUdNQ3zG,0.0,10,0.168,-5.877,1,0.0374,186.427,0.445,Pet Sounds (Original Mono & Stereo Mix Versions),6GphKx2QAPRoVGWE9D7ou8,The Beach Boys,3oDbviiivRWhXwIE8hxkVV,195533,I Just Wasn't Made For These Times - Remastered,43
225,0.0837,0.628,0.768,6CcgkjU9891S2S4lHKXaYh,0.816,0,0.0961,-6.406,0,0.0278,116.844,0.798,Pet Sounds (Original Mono & Stereo Mix Versions),6GphKx2QAPRoVGWE9D7ou8,The Beach Boys,3oDbviiivRWhXwIE8hxkVV,143440,Pet Sounds - Remastered,41
226,0.775,0.402,0.426,5RSQKtG1KNwrzFMEePpjt6,6.12e-06,10,0.175,-9.662,0,0.0262,75.866,0.641,Pet Sounds (Original Mono & Stereo Mix Versions),6GphKx2QAPRoVGWE9D7ou8,The Beach Boys,3oDbviiivRWhXwIE8hxkVV,173933,"Caroline, No - Remastered",43
227,0.342,0.611,0.741,4ZSBGLE9j9buk6DXVSryBI,2.5e-06,10,0.253,-4.408,1,0.0285,115.628,0.506,Pet Sounds (Original Mono & Stereo Mix Versions),6GphKx2QAPRoVGWE9D7ou8,The Beach Boys,3oDbviiivRWhXwIE8hxkVV,183560,Hang On To Your Ego,42
228,0.718,0.392,0.629,2Gy7qnDwt8Z3MNxqat4CsK,3.76e-06,5,0.129,-7.056,1,0.0335,124.511,0.72,Pet Sounds (Original Mono & Stereo Mix Versions),6GphKx2QAPRoVGWE9D7ou8,The Beach Boys,3oDbviiivRWhXwIE8hxkVV,153240,Wouldn't It Be Nice - Stereo Mix,70
229,0.268,0.424,0.335,0SMo38XgNvaBTNKo7skEKt,0.000563,11,0.132,-10.032,1,0.0281,88.465,0.208,Pet Sounds (Original Mono & Stereo Mix Versions),6GphKx2QAPRoVGWE9D7ou8,The Beach Boys,3oDbviiivRWhXwIE8hxkVV,156266,You Still Believe In Me - Remastered,35
230,0.733,0.615,0.538,0mmNp0RzyHH5Svf1j3pc0W,5.47e-05,11,0.0792,-8.488,1,0.0276,115.027,0.509,Pet Sounds (Original Mono & Stereo Mix Versions),6GphKx2QAPRoVGWE9D7ou8,The Beach Boys,3oDbviiivRWhXwIE8hxkVV,151426,That's Not Me - Remastered,34
231,0.245,0.131,0.184,2DM11p648RhfSDY85d9ibj,0.00735,6,0.0849,-11.84,1,0.0374,62.474,0.0674,Pet Sounds (Original Mono & Stereo Mix Versions),6GphKx2QAPRoVGWE9D7ou8,The Beach Boys,3oDbviiivRWhXwIE8hxkVV,178440,Don't Talk (Put Your Head On My Shoulder) - Remastered,33
232,0.469,0.343,0.495,2VQhc1Qo1pye020xrtOIVW,0.00117,4,0.395,-9.317,1,0.037,166.633,0.544,Pet Sounds (Original Mono & Stereo Mix Versions),6GphKx2QAPRoVGWE9D7ou8,The Beach Boys,3oDbviiivRWhXwIE8hxkVV,186760,I'm Waiting For The Day - Remastered,33
233,0.118,0.33,0.242,699lerUa9A4Wfh9S3WJ4K5,0.73,11,0.0785,-16.537,0,0.027,87.452,0.086,Pet Sounds (Original Mono & Stereo Mix Versions),6GphKx2QAPRoVGWE9D7ou8,The Beach Boys,3oDbviiivRWhXwIE8hxkVV,144706,Let's Go Away For Awhile - Remastered,33
234,0.14,0.616,0.689,6iS1qciFCYHM7vjY0pAKQC,0.0,8,0.0822,-6.514,1,0.0261,125.932,0.942,Pet Sounds (Original Mono & Stereo Mix Versions),6GphKx2QAPRoVGWE9D7ou8,The Beach Boys,3oDbviiivRWhXwIE8hxkVV,179493,Sloop John B - Remastered,35
235,0.154,0.438,0.461,0ObrXLrfrqJUNc8RfmIBHP,0.0,9,0.0529,-9.338,1,0.0382,116.028,0.31,Pet Sounds (Original Mono & Stereo Mix Versions),6GphKx2QAPRoVGWE9D7ou8,The Beach Boys,3oDbviiivRWhXwIE8hxkVV,174906,God Only Knows - Remastered,37
236,0.366,0.596,0.711,6JBYA8jfN3fjcD7RLgLNn1,2.82e-05,10,0.111,-6.19,1,0.0287,115.564,0.73,Pet Sounds (Original Mono & Stereo Mix Versions),6GphKx2QAPRoVGWE9D7ou8,The Beach Boys,3oDbviiivRWhXwIE8hxkVV,198333,I Know There's An Answer - Remastered,33
237,0.507,0.527,0.644,1pVyxDpKpmgtgQaRdOGUdH,1.51e-05,11,0.223,-7.927,0,0.0381,121.256,0.608,Pet Sounds (Original Mono & Stereo Mix Versions),6GphKx2QAPRoVGWE9D7ou8,The Beach Boys,3oDbviiivRWhXwIE8hxkVV,187360,Here Today - Remastered,32
238,0.446,0.212,0.568,1936vFNafyF15O6dqbpBYJ,0.0,10,0.0879,-7.466,1,0.0335,188.046,0.337,Pet Sounds (Original Mono & Stereo Mix Versions),6GphKx2QAPRoVGWE9D7ou8,The Beach Boys,3oDbviiivRWhXwIE8hxkVV,201133,I Just Wasn't Made For These Times - Remastered,32
239,0.102,0.616,0.709,2Z0Rnba2lznzW2SeEvayPE,0.818,3,0.352,-8.062,1,0.0409,115.958,0.459,Pet Sounds (Original Mono & Stereo Mix Versions),6GphKx2QAPRoVGWE9D7ou8,The Beach Boys,3oDbviiivRWhXwIE8hxkVV,157666,Pet Sounds - Remastered,32
240,0.762,0.379,0.376,7wIUUd3gcvZVXKhF6QVcFS,3.54e-06,10,0.169,-10.734,0,0.0286,78.321,0.546,Pet Sounds (Original Mono & Stereo Mix Versions),6GphKx2QAPRoVGWE9D7ou8,The Beach Boys,3oDbviiivRWhXwIE8hxkVV,171933,"Caroline, No - Remastered",31
241,0.859,0.478,0.421,14EMkYvQQ3E7gI8MFc9bFd,0.91,5,0.149,-9.521,0,0.0266,79.002,0.0599,Talkie Walkie,0hQOqvZv1nQvPiBjzyn363,Air,1P6U1dCeHxPui5pIrGmndZ,244560,Venus,43
242,0.362,0.436,0.76,4m8ttWM8IKXyhpv89E867J,0.955,1,0.13,-7.906,0,0.0374,75.012,0.504,Talkie Walkie,0hQOqvZv1nQvPiBjzyn363,Air,1P6U1dCeHxPui5pIrGmndZ,219760,Cherry Blossom Girl,51
243,0.161,0.591,0.562,4fdsFgiSK33prbumkK1jf0,0.779,2,0.111,-10.972,1,0.0291,119.878,0.138,Talkie Walkie,0hQOqvZv1nQvPiBjzyn363,Air,1P6U1dCeHxPui5pIrGmndZ,252466,Run,39
244,0.829,0.717,0.51,2q0WFOsFc7Gd9cujpPmZMC,0.125,0,0.111,-12.64,1,0.051,90.99,0.403,Talkie Walkie,0hQOqvZv1nQvPiBjzyn363,Air,1P6U1dCeHxPui5pIrGmndZ,262013,Universal traveler,40
245,0.826,0.499,0.41,4Kay0txJIyIz0c941Nurb1,0.901,4,0.0972,-10.927,0,0.0287,158.086,0.48,Talkie Walkie,0hQOqvZv1nQvPiBjzyn363,Air,1P6U1dCeHxPui5pIrGmndZ,266813,Mike Mills,37
246,0.00076,0.505,0.755,0RFduQOfkrP1jhoV0m8US2,0.0725,8,0.348,-7.568,1,0.0315,157.993,0.532,Talkie Walkie,0hQOqvZv1nQvPiBjzyn363,Air,1P6U1dCeHxPui5pIrGmndZ,223373,Surfing on a Rocket,44
247,0.397,0.527,0.429,2FGdBK6nsnjJnK9v2Mw2x0,0.801,9,0.0951,-10.327,0,0.0282,130.071,0.167,Talkie Walkie,0hQOqvZv1nQvPiBjzyn363,Air,1P6U1dCeHxPui5pIrGmndZ,200880,Another day,35
248,0.00226,0.477,0.833,2sNGaLOMBIkyVFPsQqPQdW,0.848,7,0.171,-8.271,1,0.0315,169.968,0.555,Talkie Walkie,0hQOqvZv1nQvPiBjzyn363,Air,1P6U1dCeHxPui5pIrGmndZ,279773,Alpha Beta Gaga,41
249,0.788,0.511,0.397,0PP4wVT30cWLurOR7ambqW,0.639,0,0.081,-10.972,0,0.0253,150.105,0.327,Talkie Walkie,0hQOqvZv1nQvPiBjzyn363,Air,1P6U1dCeHxPui5pIrGmndZ,364613,Biological,35
250,0.958,0.525,0.366,40UlFC0dIxv7lAEJaPZLnm,0.751,0,0.137,-16.488,1,0.0718,179.956,0.0785,Talkie Walkie,0hQOqvZv1nQvPiBjzyn363,Air,1P6U1dCeHxPui5pIrGmndZ,291000,Alone in Kyoto,54
251,0.436,0.516,0.737,3ZzhV6JIDKWvWR7wiKWD0C,0.678,6,0.392,-8.189,0,0.0362,79.852,0.547,Moon Safari,5dmYtZVJ1bG9RyrZBRrkOA,Air,1P6U1dCeHxPui5pIrGmndZ,426614,La femme d'argent,56
252,0.00111,0.435,0.651,6INLpBxo9F5QMer04VXEnd,0.609,0,0.111,-6.152,1,0.0288,111.896,0.206,Moon Safari,5dmYtZVJ1bG9RyrZBRrkOA,Air,1P6U1dCeHxPui5pIrGmndZ,298466,Sexy Boy,56
253,0.878,0.327,0.426,6T10XPeC9X5xEaD6tMcK6M,0.000997,7,0.18,-11.576,0,0.027,93.949,0.169,Moon Safari,5dmYtZVJ1bG9RyrZBRrkOA,Air,1P6U1dCeHxPui5pIrGmndZ,268306,All I Need,56
254,0.285,0.516,0.739,5tR13oIwi5J3elcTZPTTIU,0.636,2,0.111,-8.471,1,0.0292,109.837,0.256,Moon Safari,5dmYtZVJ1bG9RyrZBRrkOA,Air,1P6U1dCeHxPui5pIrGmndZ,226293,Kelly Watch The Stars,49
255,0.0703,0.565,0.547,4XxbBFfKlXY2E5PN3dHAfz,0.861,11,0.114,-11.107,0,0.0302,132.937,0.298,Moon Safari,5dmYtZVJ1bG9RyrZBRrkOA,Air,1P6U1dCeHxPui5pIrGmndZ,256706,Talisman,45
256,0.224,0.449,0.675,49yNskzLtR1VNTWhSF90mu,0.141,5,0.0779,-7.298,0,0.035,116.759,0.277,Moon Safari,5dmYtZVJ1bG9RyrZBRrkOA,Air,1P6U1dCeHxPui5pIrGmndZ,154293,Remember,41
257,0.216,0.641,0.514,6kYwzIqAj4Wp6ApoPpoqny,0.0111,5,0.0883,-10.925,1,0.028,109.841,0.357,Moon Safari,5dmYtZVJ1bG9RyrZBRrkOA,Air,1P6U1dCeHxPui5pIrGmndZ,241533,You Make It Easy,43
258,0.726,0.128,0.445,7yieArGOFIdoGJv1V8hDr2,0.503,8,0.0888,-11.99,1,0.0368,65.514,0.165,Moon Safari,5dmYtZVJ1bG9RyrZBRrkOA,Air,1P6U1dCeHxPui5pIrGmndZ,219040,"Ce matin-là - From ""L'uomo in più""",47
259,0.587,0.468,0.332,7E2NpVcD3i6AIm3uyd343i,0.958,9,0.689,-13.193,1,0.0268,129.807,0.141,Moon Safari,5dmYtZVJ1bG9RyrZBRrkOA,Air,1P6U1dCeHxPui5pIrGmndZ,340600,New Star In The Sky,40
260,0.557,0.504,0.513,2AFttonwFsCFpC6Cos9pcZ,0.892,2,0.206,-9.648,0,0.0309,129.873,0.309,Moon Safari,5dmYtZVJ1bG9RyrZBRrkOA,Air,1P6U1dCeHxPui5pIrGmndZ,190866,Le voyage de Pénélope,41
261,0.493,0.345,0.587,6EmI1k7YpnVLth3WCQXMpH,0.864,8,0.146,-13.609,1,0.152,94.419,0.108,Quarantine,5XARRzHIiZ3SyXEQEaWQ32,Laurel Halo,0sRVVDpgF2sKzPBkDszzUl,238808,Airsick,16
262,0.381,0.299,0.328,3wzkexWsd3BIkqvMgEJwpV,0.864,10,0.12,-11.082,0,0.0376,144.044,0.0389,Quarantine,5XARRzHIiZ3SyXEQEaWQ32,Laurel Halo,0sRVVDpgF2sKzPBkDszzUl,172889,Years,13
263,0.248,0.257,0.597,6rNaHfPyai0P2Yj8Ygr2HI,0.854,10,0.0866,-14.124,0,0.161,88.684,0.1,Quarantine,5XARRzHIiZ3SyXEQEaWQ32,Laurel Halo,0sRVVDpgF2sKzPBkDszzUl,359321,Thaw,15
264,0.649,0.166,0.342,2faPd2mMzkcFCRyi72Hdll,0.937,4,0.108,-16.402,0,0.0355,94.628,0.0696,Quarantine,5XARRzHIiZ3SyXEQEaWQ32,Laurel Halo,0sRVVDpgF2sKzPBkDszzUl,207585,Joy,12
265,0.5,0.34,0.413,15bS93J2OXEa6HDFAXrzpK,0.802,7,0.106,-11.888,0,0.0377,117.938,0.174,Quarantine,5XARRzHIiZ3SyXEQEaWQ32,Laurel Halo,0sRVVDpgF2sKzPBkDszzUl,257874,MK Ultra,14
266,0.899,0.143,0.0731,4NWGhcNrXzMAsCGB6APeLL,0.177,4,0.203,-9.816,0,0.0359,67.853,0.034,Quarantine,5XARRzHIiZ3SyXEQEaWQ32,Laurel Halo,0sRVVDpgF2sKzPBkDszzUl,83061,Wow Unlimited,12
267,0.826,0.179,0.443,07mpksAn9Hx6ifdulFnc7l,0.488,1,0.128,-11.071,1,0.0986,171.29,0.145,Quarantine,5XARRzHIiZ3SyXEQEaWQ32,Laurel Halo,0sRVVDpgF2sKzPBkDszzUl,272690,Carcass,12
268,0.00468,0.294,0.426,7HKJOnNtnbW3epsEUIjdNA,0.232,0,0.594,-8.93,0,0.0398,120.521,0.0539,Quarantine,5XARRzHIiZ3SyXEQEaWQ32,Laurel Halo,0sRVVDpgF2sKzPBkDszzUl,110565,Holoday,10
269,0.882,0.208,0.477,3p5bvCVopWEDQ9kIwStVqY,0.0039,0,0.193,-9.086,0,0.0329,82.726,0.279,Quarantine,5XARRzHIiZ3SyXEQEaWQ32,Laurel Halo,0sRVVDpgF2sKzPBkDszzUl,160099,Tumor,10
270,0.835,0.192,0.51,3UIBwbTxtJ35niUXXebFJ7,0.646,4,0.177,-11.074,0,0.0589,180.233,0.147,Quarantine,5XARRzHIiZ3SyXEQEaWQ32,Laurel Halo,0sRVVDpgF2sKzPBkDszzUl,183720,Morcom,9
271,0.9,0.372,0.402,1Pl3VthH2602E0p0gihJ4z,0.801,10,0.0906,-15.07,1,0.113,109.935,0.117,Quarantine,5XARRzHIiZ3SyXEQEaWQ32,Laurel Halo,0sRVVDpgF2sKzPBkDszzUl,151807,Nerve,9
272,0.885,0.116,0.354,5Q6mCKneycHXbOwgY14WwD,0.47,10,0.105,-10.822,1,0.0334,167.893,0.0486,Quarantine,5XARRzHIiZ3SyXEQEaWQ32,Laurel Halo,0sRVVDpgF2sKzPBkDszzUl,290047,Light + Space,18
273,0.404,0.549,0.271,348Xv53NFhkWUQ29GXrEWm,0.916,1,0.194,-10.405,1,0.0281,69.014,0.0349,Plays the Music of Twin Peaks,6d1hIoW2Xvv7n33kAQV8nG,Xiu Xiu,5JLqvjW3Nyom2OsRUyFsS9,303700,Laura Palmer's Theme,26
274,0.153,0.151,0.722,4nPjSWKyhplwKbZhNMzYYn,0.98,1,0.329,-9.193,0,0.0408,85.211,0.0393,Plays the Music of Twin Peaks,6d1hIoW2Xvv7n33kAQV8nG,Xiu Xiu,5JLqvjW3Nyom2OsRUyFsS9,312772,Into the Night,20
275,0.661,0.485,0.534,7m8AXsPwh9bhvZN1yDR7kN,0.936,7,0.114,-14.236,1,0.0392,80.291,0.18,Plays the Music of Twin Peaks,6d1hIoW2Xvv7n33kAQV8nG,Xiu Xiu,5JLqvjW3Nyom2OsRUyFsS9,266629,Audrey's Dance,19
276,0.831,0.312,0.433,604XrpP77uyUw4A2CwkYvZ,0.385,10,0.263,-13.641,0,0.0707,95.794,0.0932,Plays the Music of Twin Peaks,6d1hIoW2Xvv7n33kAQV8nG,Xiu Xiu,5JLqvjW3Nyom2OsRUyFsS9,228202,Packard's Vibration,17
277,0.863,0.258,0.317,1UYyFDt40iVN0GRlsow9BW,0.955,5,0.173,-17.397,0,0.31,173.564,0.0657,Plays the Music of Twin Peaks,6d1hIoW2Xvv7n33kAQV8nG,Xiu Xiu,5JLqvjW3Nyom2OsRUyFsS9,426910,Nightsea Wind,15
278,0.00345,0.351,0.7,73ngN75DqbEFUQFP0vviLq,0.846,10,0.107,-8.626,1,0.0404,100.48,0.353,Plays the Music of Twin Peaks,6d1hIoW2Xvv7n33kAQV8nG,Xiu Xiu,5JLqvjW3Nyom2OsRUyFsS9,351955,Blue Frank/Pink Room,17
279,0.898,0.274,0.397,07vfabAiYIWazkEmS83gNY,0.123,8,0.112,-11.709,0,0.048,100.152,0.107,Plays the Music of Twin Peaks,6d1hIoW2Xvv7n33kAQV8nG,Xiu Xiu,5JLqvjW3Nyom2OsRUyFsS9,407562,Sycamore Tree,15
280,0.836,0.239,0.378,1wLiXfUVNQOXbLXUyYzzvI,0.826,1,0.0853,-12.434,1,0.032,149.825,0.0544,Plays the Music of Twin Peaks,6d1hIoW2Xvv7n33kAQV8nG,Xiu Xiu,5JLqvjW3Nyom2OsRUyFsS9,236399,Harold's Theme,13
281,0.804,0.148,0.512,4GANpiAd1fLG9IVmuJ1uK6,0.961,7,0.123,-11.46,1,0.0532,74.344,0.039,Plays the Music of Twin Peaks,6d1hIoW2Xvv7n33kAQV8nG,Xiu Xiu,5JLqvjW3Nyom2OsRUyFsS9,310435,Dance of the Dream Man,13
282,0.644,0.432,0.52,1QeUhtXPlmw8epV8nYZyH3,0.855,5,0.144,-8.736,1,0.0369,116.075,0.192,Plays the Music of Twin Peaks,6d1hIoW2Xvv7n33kAQV8nG,Xiu Xiu,5JLqvjW3Nyom2OsRUyFsS9,416553,Falling,25
283,0.286,0.112,0.384,2fvfAJkzceekIAxVVXG5rI,0.992,8,0.895,-12.475,1,0.0601,94.092,0.0293,Plays the Music of Twin Peaks,6d1hIoW2Xvv7n33kAQV8nG,Xiu Xiu,5JLqvjW3Nyom2OsRUyFsS9,384928,Love Theme Farewell,13
284,0.82,0.518,0.595,4M04OUKWB7D62zSIsuGGGD,0.375,10,0.336,-9.655,0,0.382,138.114,0.213,Plays the Music of Twin Peaks,6d1hIoW2Xvv7n33kAQV8nG,Xiu Xiu,5JLqvjW3Nyom2OsRUyFsS9,470079,Josie's Past,12
285,0.492,0.352,0.788,5pCCNkuE4nTvEjKl64U7UE,0.32,2,0.936,-15.965,0,0.221,121.249,0.0269,Humanz (Deluxe),0NvirtaDCaZU5PAW1O5FDE,Gorillaz,3AA28KZvwAUcZuOKwyblJQ,24013,Intro: I Switched My Robot Off,8
286,0.594,0.676,0.905,2bBMODHVTXGwE2aZYfbgCt,0.0,1,0.154,-2.569,1,0.147,152.186,0.519,Humanz (Deluxe),0NvirtaDCaZU5PAW1O5FDE,Gorillaz,3AA28KZvwAUcZuOKwyblJQ,155973,Ascension (feat. Vince Staples),59
287,0.0409,0.64,0.864,6XGddj522FQRHXEhBtjiJu,1.55e-06,4,0.136,-4.909,0,0.0869,105.107,0.497,Humanz (Deluxe),0NvirtaDCaZU5PAW1O5FDE,Gorillaz,3AA28KZvwAUcZuOKwyblJQ,272666,Strobelite (feat. Peven Everett),58
288,0.0272,0.383,0.621,7l9CE3wmEGOUYw1j4ETjnL,0.0,6,0.427,-5.878,0,0.113,80.051,0.213,Humanz (Deluxe),0NvirtaDCaZU5PAW1O5FDE,Gorillaz,3AA28KZvwAUcZuOKwyblJQ,181906,Saturnz Barz (feat. Popcaan),65
289,0.0549,0.781,0.98,2RCp9QBnFSxdKe8RD4xF8s,2.74e-06,0,0.597,-5.077,1,0.285,140.235,0.487,Humanz (Deluxe),0NvirtaDCaZU5PAW1O5FDE,Gorillaz,3AA28KZvwAUcZuOKwyblJQ,196906,Momentz (feat. De La Soul),56
290,0.36,0.474,0.88,0SOFBIQK3vOn3y7Yq0Bwzx,0.0,4,0.382,-12.133,1,0.729,90.137,0.0881,Humanz (Deluxe),0NvirtaDCaZU5PAW1O5FDE,Gorillaz,3AA28KZvwAUcZuOKwyblJQ,21733,Interlude: The Non-conformist Oath,4
291,0.00697,0.677,0.83,2W4yTO3qHdqyvbz2UxfIPh,0.0,4,0.134,-3.96,1,0.0489,137.997,0.612,Humanz (Deluxe),0NvirtaDCaZU5PAW1O5FDE,Gorillaz,3AA28KZvwAUcZuOKwyblJQ,201573,Submission (feat. Danny Brown & Kelela),54
292,0.112,0.574,0.741,2CJ6CRzuRQd46asE1ucuVD,0.00362,0,0.347,-4.815,1,0.044,138.041,0.511,Humanz (Deluxe),0NvirtaDCaZU5PAW1O5FDE,Gorillaz,3AA28KZvwAUcZuOKwyblJQ,214386,Charger (feat. Grace Jones),55
293,0.0,0.0,0.441,5vN4teJoROMQoadL4IzejG,0.0,10,0.0,-15.045,1,0.0,0.0,0.0,Humanz (Deluxe),0NvirtaDCaZU5PAW1O5FDE,Gorillaz,3AA28KZvwAUcZuOKwyblJQ,4853,Interlude: Elevator Going Up,0
294,0.003,0.788,0.472,2C0KFbb4v9CNWR5c9jWcKC,0.0322,0,0.59,-9.021,1,0.0475,130.084,0.257,Humanz (Deluxe),0NvirtaDCaZU5PAW1O5FDE,Gorillaz,3AA28KZvwAUcZuOKwyblJQ,197546,Andromeda (feat. DRAM),63
295,0.876,0.183,0.458,04zxGiXcmNQ0m9oDXtwo18,0.776,2,0.355,-9.651,0,0.0459,69.352,0.0661,Humanz (Deluxe),0NvirtaDCaZU5PAW1O5FDE,Gorillaz,3AA28KZvwAUcZuOKwyblJQ,277053,Busted and Blue,56
296,0.778,0.263,0.935,5f0FCcrkvyhiRT5wynS0XN,7.19e-06,0,0.944,-7.934,1,0.143,147.924,0.609,Humanz (Deluxe),0NvirtaDCaZU5PAW1O5FDE,Gorillaz,3AA28KZvwAUcZuOKwyblJQ,19866,Interlude: Talk Radio,2
297,0.00841,0.481,0.693,5KurnDXzOeIYOMQceYidu7,2.3e-05,4,0.773,-5.597,0,0.0791,80.946,0.635,Humanz (Deluxe),0NvirtaDCaZU5PAW1O5FDE,Gorillaz,3AA28KZvwAUcZuOKwyblJQ,135946,Carnival (feat. Anthony Hamilton),51
298,0.211,0.607,0.785,44PelqgstAM0lb8rHPKfHq,3.34e-06,1,0.915,-5.955,0,0.258,81.087,0.517,Humanz (Deluxe),0NvirtaDCaZU5PAW1O5FDE,Gorillaz,3AA28KZvwAUcZuOKwyblJQ,175813,Let Me Out (feat. Mavis Staples & Pusha T),56
299,0.621,0.0,0.688,5Qb7Xzno6RrmIKEAybLBOW,0.0177,1,0.438,-13.619,1,0.0,0.0,0.0,Humanz (Deluxe),0NvirtaDCaZU5PAW1O5FDE,Gorillaz,3AA28KZvwAUcZuOKwyblJQ,11666,Interlude: Penthouse,0
300,0.000135,0.677,0.78,0rOP1naZV8zL7ahMNTDXhL,0.301,7,0.111,-8.662,1,0.0676,120.122,0.567,Humanz (Deluxe),0NvirtaDCaZU5PAW1O5FDE,Gorillaz,3AA28KZvwAUcZuOKwyblJQ,259253,Sex Murder Party (feat. Jamie Principle & Zebra Katz),47
301,0.00799,0.726,0.815,3lIxtCaROdRDuTnNBDm3n2,0.081,11,0.112,-5.886,1,0.0313,140.158,0.462,Humanz (Deluxe),0NvirtaDCaZU5PAW1O5FDE,Gorillaz,3AA28KZvwAUcZuOKwyblJQ,209560,She's My Collar (feat. Kali Uchis),57
302,0.589,0.0,0.576,0lFjKxkSIEMOVgTevxl67A,0.678,3,0.588,-15.845,1,0.0,0.0,0.0,Humanz (Deluxe),0NvirtaDCaZU5PAW1O5FDE,Gorillaz,3AA28KZvwAUcZuOKwyblJQ,11680,Interlude: The Elephant,0
303,0.0964,0.399,0.522,2lLowL0Kf5vQjRxfLt6c1T,7.3e-05,7,0.431,-7.263,1,0.0325,162.136,0.29,Humanz (Deluxe),0NvirtaDCaZU5PAW1O5FDE,Gorillaz,3AA28KZvwAUcZuOKwyblJQ,263106,Hallelujah Money (feat. Benjamin Clementine),50
304,0.228,0.507,0.985,7hQ0ojbeqicGhw0wdUVeaN,3.31e-05,0,0.19,-2.392,1,0.153,150.059,0.394,Humanz (Deluxe),0NvirtaDCaZU5PAW1O5FDE,Gorillaz,3AA28KZvwAUcZuOKwyblJQ,139560,We Got The Power (feat. Jehnny Beth),54
305,0.0149,0.523,0.742,10KESL0iGcPxhB3ExT3p0D,1.5e-06,5,0.0993,-6.247,0,0.0396,97.125,0.12,Humanz (Deluxe),0NvirtaDCaZU5PAW1O5FDE,Gorillaz,3AA28KZvwAUcZuOKwyblJQ,81986,Interlude: New World,43
306,0.182,0.446,0.648,67fRHOlaYQQFG67D9DkdnW,1.13e-05,11,0.348,-6.773,0,0.3,86.021,0.696,Humanz (Deluxe),0NvirtaDCaZU5PAW1O5FDE,Gorillaz,3AA28KZvwAUcZuOKwyblJQ,234933,"The Apprentice (feat. Rag'n'Bone Man, Zebra Katz & RAY BLK)",55
307,0.0143,0.335,0.73,7kjDZASDLVImDDBjuf6iuA,0.0,7,0.266,-7.044,1,0.0608,114.874,0.218,Humanz (Deluxe),0NvirtaDCaZU5PAW1O5FDE,Gorillaz,3AA28KZvwAUcZuOKwyblJQ,237240,Halfway To The Halfway House (feat. Peven Everett),49
308,0.012,0.779,0.585,1venpPIzDTmjPBSVsM1IhB,0.0163,7,0.106,-10.363,1,0.108,120.08,0.624,Humanz (Deluxe),0NvirtaDCaZU5PAW1O5FDE,Gorillaz,3AA28KZvwAUcZuOKwyblJQ,224480,"Out Of Body (feat. Kilo Kish, Zebra Katz & Imani Vonshà)",53
309,0.242,0.696,0.484,46LDfGrOIJF85wfRZLrfbM,0.00086,7,0.375,-10.555,1,0.0557,136.091,0.517,Humanz (Deluxe),0NvirtaDCaZU5PAW1O5FDE,Gorillaz,3AA28KZvwAUcZuOKwyblJQ,268586,Ticker Tape (feat. Carly Simon & Kali Uchis),52
310,0.801,0.195,0.744,3A3gLRqz44irUJIt0Ru7TT,8.01e-05,9,0.378,-8.431,0,0.0863,145.944,0.474,Humanz (Deluxe),0NvirtaDCaZU5PAW1O5FDE,Gorillaz,3AA28KZvwAUcZuOKwyblJQ,129186,Circle Of Friendz (feat. Brandon Markell Holmes),48
311,0.74,0.519,0.424,6lPjwgITcWpxVIiij1Iskw,0.751,2,0.0924,-11.64,0,0.0267,87.967,0.325,Yellow House,6rVRNvNpzh0O2nSxFG7Ziz,Grizzly Bear,2Jv5eshHtLycR6R8KQCdc4,223466,Easier,37
312,0.221,0.254,0.399,2IY0Adl7wSGjF06I9GXKOj,0.384,2,0.469,-9.201,0,0.0321,125.039,0.0769,Yellow House,6rVRNvNpzh0O2nSxFG7Ziz,Grizzly Bear,2Jv5eshHtLycR6R8KQCdc4,314493,Lullabye,31
313,0.806,0.226,0.4,4BmtCb6sdMqECAItGmFDvU,0.747,11,0.108,-10.256,1,0.0298,88.673,0.101,Yellow House,6rVRNvNpzh0O2nSxFG7Ziz,Grizzly Bear,2Jv5eshHtLycR6R8KQCdc4,314413,Knife,46
314,0.668,0.39,0.374,2MkIdkhaRZKgNHFGzdcrcb,0.432,9,0.134,-10.594,1,0.0325,119.944,0.102,Yellow House,6rVRNvNpzh0O2nSxFG7Ziz,Grizzly Bear,2Jv5eshHtLycR6R8KQCdc4,294320,Central and Remote,30
315,0.9,0.269,0.314,3BJXT7qqVw8YR2VGFKXeiO,0.502,4,0.582,-13.629,0,0.0291,84.72,0.183,Yellow House,6rVRNvNpzh0O2nSxFG7Ziz,Grizzly Bear,2Jv5eshHtLycR6R8KQCdc4,384680,Little Brother,32
316,0.791,0.408,0.528,0oaDRTXybxwtiyOWqOhJoC,0.353,11,0.121,-8.829,0,0.0281,73.087,0.389,Yellow House,6rVRNvNpzh0O2nSxFG7Ziz,Grizzly Bear,2Jv5eshHtLycR6R8KQCdc4,256586,Plans,28
317,0.884,0.174,0.311,1NFYrCEAi9BO6uwTxcmLpP,0.318,11,0.0996,-14.358,1,0.0335,79.434,0.0898,Yellow House,6rVRNvNpzh0O2nSxFG7Ziz,Grizzly Bear,2Jv5eshHtLycR6R8KQCdc4,296200,Marla,27
318,0.222,0.261,0.442,18wtixhJzC2Shhk1A3F8eB,0.102,2,0.221,-8.207,1,0.0321,93.443,0.17,Yellow House,6rVRNvNpzh0O2nSxFG7Ziz,Grizzly Bear,2Jv5eshHtLycR6R8KQCdc4,346853,"On a Neck, On a Spit",36
319,0.874,0.379,0.347,6gDBGt1EO8ZapPYl36FpqG,0.5,0,0.945,-13.993,0,0.0281,77.844,0.29,Yellow House,6rVRNvNpzh0O2nSxFG7Ziz,Grizzly Bear,2Jv5eshHtLycR6R8KQCdc4,199773,Reprise,32
320,0.337,0.327,0.389,4QLgWj86OtcDdCNgcPgMZ2,0.726,9,0.108,-10.238,1,0.029,81.894,0.127,Yellow House,6rVRNvNpzh0O2nSxFG7Ziz,Grizzly Bear,2Jv5eshHtLycR6R8KQCdc4,374573,Colorado,32
321,0.0856,0.432,0.489,3fkGBlccVkaMmILxBB06nK,0.938,0,0.118,-12.556,1,0.0278,103.431,0.447,Pygmalion,7n7VUw9XFam4zMT7zn99tq,Slowdive,72X6FHxaShda0XeQw3vbeF,280640,Crazy for You - Alternative Version (Demo Version),24
322,0.0557,0.19,0.702,6smJCC2En1iEuN3b9ZQnLX,0.0228,7,0.13,-7.223,1,0.034,107.8,0.358,Slowdive,4nSWX5A4xVomzrOEGDKLQ6,Slowdive,72X6FHxaShda0XeQw3vbeF,413171,Slomo,54
323,0.0733,0.326,0.932,6oeABvJGU7Oztzd3CiSv0l,0.725,9,0.293,-4.909,1,0.0506,143.927,0.397,Slowdive,4nSWX5A4xVomzrOEGDKLQ6,Slowdive,72X6FHxaShda0XeQw3vbeF,338869,Star Roving,55
324,0.00544,0.267,0.752,0UjQAt7u0DvcU4dnbKtB9k,0.645,9,0.172,-6.313,1,0.0327,177.99,0.36,Slowdive,4nSWX5A4xVomzrOEGDKLQ6,Slowdive,72X6FHxaShda0XeQw3vbeF,276959,Don't Know Why,46
325,0.207,0.533,0.545,0GN3fXUdsTHeUg50xfDS0V,0.797,7,0.113,-7.681,1,0.0243,98.014,0.419,Slowdive,4nSWX5A4xVomzrOEGDKLQ6,Slowdive,72X6FHxaShda0XeQw3vbeF,270918,Sugar for the Pill,60
326,0.000391,0.364,0.806,5gCMldzBtCPajx3JNLtVB6,0.932,9,0.104,-6.338,1,0.0418,142.996,0.24,Slowdive,4nSWX5A4xVomzrOEGDKLQ6,Slowdive,72X6FHxaShda0XeQw3vbeF,262056,Everyone Knows,44
327,0.0228,0.557,0.507,4kAflSfOBf6Wv5ZD5abUvZ,0.862,6,0.0837,-7.6,1,0.0243,106.942,0.526,Slowdive,4nSWX5A4xVomzrOEGDKLQ6,Slowdive,72X6FHxaShda0XeQw3vbeF,348107,No Longer Making Time,49
328,0.0121,0.441,0.506,5kfbveiP0dHWSnPw76uorK,0.843,9,0.22,-8.589,1,0.0297,131.771,0.294,Slowdive,4nSWX5A4xVomzrOEGDKLQ6,Slowdive,72X6FHxaShda0XeQw3vbeF,369860,Go Get It,43
329,0.954,0.332,0.255,6Zr0mt1HdVUwTEdMwqPXsC,0.752,9,0.0784,-13.698,0,0.0309,187.786,0.134,Slowdive,4nSWX5A4xVomzrOEGDKLQ6,Slowdive,72X6FHxaShda0XeQw3vbeF,480758,Falling Ashes,45
330,0.0127,0.591,0.538,0HoKfFgT9BeJGFk9vTgHzs,0.622,11,0.274,-9.394,0,0.0267,106.605,0.54,Shadow,3sJyJUGgAISetu9JqPNcoo,Chromatics,4tOVIRjlWWfR1RrAxyRqTE,224527,Shadow,51
331,0.0104,0.62,0.459,7v9QtlMqlQ5PF4p7kMdaCc,0.914,11,0.297,-9.881,0,0.0267,106.598,0.444,Shadow,3sJyJUGgAISetu9JqPNcoo,Chromatics,4tOVIRjlWWfR1RrAxyRqTE,224525,Shadow (Instrumental),21
332,0.806,0.124,0.131,5ENDhxQLMeGeKBNT0TsBKW,0.00142,2,0.0847,-18.791,1,0.051,73.337,0.0529,Shadow,3sJyJUGgAISetu9JqPNcoo,Chromatics,4tOVIRjlWWfR1RrAxyRqTE,191815,Shadow (Acappella),17
333,0.00506,0.521,0.882,61zY5DkjMbSJriXUsVChjZ,0.00632,11,0.183,-6.262,1,0.0338,151.588,0.863,Day of the Dead,19aZxgHJEtveuVPhDFTMMG,The War On Drugs,6g0mn3tzAds6aVeUYRsryU,316699,Touch of Grey,43
334,0.0126,0.304,0.883,2rKVo2Gl8CrLlFxMu40zCX,0.235,4,0.178,-6.25,1,0.101,174.014,0.718,Day of the Dead,19aZxgHJEtveuVPhDFTMMG,Phosphorescent,57kIMCLPgkzQlXjblX7XXP,299719,Sugaree,50
335,0.0402,0.27,0.709,3SlGbS624U4JBn5VNmWl3B,0.541,0,0.1,-6.273,1,0.0374,92.524,0.58,Day of the Dead,19aZxgHJEtveuVPhDFTMMG,Jim James,1MhtYlJvUqfd2EgHSQTGK4,334412,Candyman,33
336,0.0205,0.495,0.895,6iZ77g7Q5O17pJwYG9VuR8,0.014,4,0.076,-6.4,1,0.0467,158.938,0.827,Day of the Dead,19aZxgHJEtveuVPhDFTMMG,Moses Sumney,5W10uJRsbt9bROJDKoI1Wn,193278,Cassidy,31
337,0.847,0.381,0.302,6JjpTagq6klHgMRRvR2ydc,0.0424,7,0.148,-11.179,1,0.0321,113.181,0.0846,Day of the Dead,19aZxgHJEtveuVPhDFTMMG,Bruce Hornsby,2iM28IgKg89v1o7BTQAVPo,458403,Black Muddy River,45
338,0.0287,0.523,0.606,4hvaIDYjGugJdHZlR0iNPJ,0.308,4,0.341,-7.933,0,0.0302,128.971,0.357,Day of the Dead,19aZxgHJEtveuVPhDFTMMG,Ed Droste,0XF81i7F5hTlfNMHlTNptl,315316,Loser,27
339,0.636,0.528,0.553,2h0L6HcKZLpzEabxqQD8nH,0.871,9,0.149,-13.786,1,0.0435,118.938,0.202,Day of the Dead,19aZxgHJEtveuVPhDFTMMG,The National,2cCUtGK9sDU2EoElnk0GNB,335288,Peggy-O,47
340,0.00964,0.471,0.765,3TIfpDj9FhrM4ejeXk4Q01,0.0313,2,0.0936,-6.044,1,0.0298,112.657,0.554,Day of the Dead,19aZxgHJEtveuVPhDFTMMG,Kurt Vile and the Violators,72SKeYrfxSaIpqrAGLyNcn,330782,Box of Rain,35
341,0.318,0.508,0.87,7ejfFlxwlL5tyVgr5xrPZM,0.000317,5,0.176,-4.806,1,0.0665,85.9,0.785,Day of the Dead,19aZxgHJEtveuVPhDFTMMG,"Bonnie ""Prince"" Billy",2zAvisjImPICTNsRgagqlV,346588,Rubin and Cherise,40
342,0.84,0.367,0.488,5IVia3V49Dg02QAriErsvZ,0.761,7,0.1,-9.658,1,0.0285,90.172,0.0836,Day of the Dead,19aZxgHJEtveuVPhDFTMMG,Perfume Genius,2ueoLVCXQ948OfhVvAy3Nn,380539,To Lay Me Down,39
343,0.175,0.756,0.511,24F4bo3DfjbjjS5A5a4diQ,0.0133,11,0.107,-8.563,0,0.0274,107.541,0.373,Day of the Dead,19aZxgHJEtveuVPhDFTMMG,Courtney Barnett,4OOlG5eBXSkSAAEeKjJb5Y,320717,New Speedway Boogie,38
344,0.384,0.401,0.67,6FhTIsbEDEel7ju6pnKYtS,0.66,11,0.0837,-8.766,1,0.0397,77.708,0.192,Day of the Dead,19aZxgHJEtveuVPhDFTMMG,Mumford & Sons,3gd8FJtBJtkRxdfbTu19U2,271025,Friend of the Devil,62
345,0.652,0.769,0.419,09gvtBkglnurrM3G7RkwEU,0.000416,9,0.0913,-8.906,0,0.0328,124.861,0.556,Day of the Dead,19aZxgHJEtveuVPhDFTMMG,Lucius,1WrqUPWlHN5FXCRcQgrkas,267456,Uncle John's Band,35
346,0.362,0.505,0.845,0HrnAieUXcsfmJ7m9TPwT1,7.34e-05,11,0.228,-7.045,0,0.0532,106.911,0.861,Day of the Dead,19aZxgHJEtveuVPhDFTMMG,The Lone Bellow,7JFtD8KnbAADBBDleIMuH7,184077,Me and My Uncle,28
347,0.54,0.549,0.402,26fTug5Gn0mOJLnQjQIVCI,2.32e-05,0,0.205,-7.353,1,0.0272,75.838,0.327,Day of the Dead,19aZxgHJEtveuVPhDFTMMG,Lee Ranaldo,4tXPSo0qk91VMP3wFxL0Fo,233131,Mountains of the Moon,25
348,0.772,0.257,0.293,5akBln7GwS5kcTunrO1yPW,0.0115,2,0.115,-10.011,1,0.0301,68.687,0.224,Day of the Dead,19aZxgHJEtveuVPhDFTMMG,ANOHNI,6VJZYivuYJGCrPuOAnI7Qo,145420,Black Peter,24
349,0.955,0.652,0.356,2y4fpdeCpEHpMPB0yXx1AM,0.891,9,0.106,-10.026,1,0.0305,100.008,0.361,Day of the Dead,19aZxgHJEtveuVPhDFTMMG,Bryce Dessner,5HHKeO04SOcxUxjruFXf5l,432296,Garcia Counterpoint,25
350,0.377,0.56,0.719,5AOpCicFkyoNtP5udjctay,0.182,4,0.0773,-7.207,0,0.0343,137.909,0.278,Day of the Dead,19aZxgHJEtveuVPhDFTMMG,Daniel Rossen,2N7DBqf05DIw5tqKLRAUq4,1010521,Terrapin Station (Suite),27
351,0.354,0.459,0.356,6GvFK1w4feahYitEgnS9qb,0.0018,4,0.117,-10.321,1,0.0248,93.085,0.146,Day of the Dead,19aZxgHJEtveuVPhDFTMMG,Angel Olsen,6mKqFxGMS5TGDZI3XkT5Rt,255898,Attics of My Life,29
352,0.938,0.284,0.629,5whj8CMgPTiVrXA0bKvXpz,0.253,9,0.27,-9.026,1,0.0818,179.132,0.356,Day of the Dead,19aZxgHJEtveuVPhDFTMMG,Wilco,2QoU3awHVdcHS8LrZEKvSM,396373,St. Stephen (live),27
353,0.948,0.454,0.238,70fUtWZpQe210ofHVaQIp8,6.79e-05,0,0.0991,-10.169,1,0.0344,69.434,0.174,Day of the Dead,19aZxgHJEtveuVPhDFTMMG,"Bonnie ""Prince"" Billy",2zAvisjImPICTNsRgagqlV,157106,If I Had the World to Give,36
354,0.8,0.568,0.535,62x1aKEqGmLsMAEWVMRZTv,0.174,7,0.11,-7.716,1,0.0307,122.102,0.545,Day of the Dead,19aZxgHJEtveuVPhDFTMMG,Phosphorescent,57kIMCLPgkzQlXjblX7XXP,333631,Standing on the Moon,32
355,0.00296,0.395,0.86,4egotiztmz50YehBsiN7I9,0.00113,0,0.518,-4.855,1,0.0385,170.848,0.904,Day of the Dead,19aZxgHJEtveuVPhDFTMMG,Charles Bradley,462T0buQ5ScBUQCRpodDRf,196042,Cumberland Blues,35
356,0.667,0.413,0.657,6F5zdnIzJohAubuLxkaTo9,0.0545,7,0.142,-6.674,1,0.0324,115.059,0.311,Day of the Dead,19aZxgHJEtveuVPhDFTMMG,The Tallest Man On Earth,2BpAc5eK7Rz5GAwSp9UYXa,312921,Ship of Fools,25
357,0.399,0.532,0.539,04P2WgjjpNKamS3xfrwsCa,0.0607,2,0.079,-8.165,1,0.0346,88.773,0.396,Day of the Dead,19aZxgHJEtveuVPhDFTMMG,"Bonnie ""Prince"" Billy",2zAvisjImPICTNsRgagqlV,369004,Bird Song,26
358,0.167,0.398,0.667,1kyaGbDsB3ZyjyDYRQaHSe,0.781,7,0.309,-7.004,1,0.0292,82.01,0.426,Day of the Dead,19aZxgHJEtveuVPhDFTMMG,The National,2cCUtGK9sDU2EoElnk0GNB,334898,Morning Dew,41
359,0.000519,0.277,0.703,6OCB2wIVQczdiGIIKdlY66,0.0237,4,0.467,-7.388,1,0.182,108.579,0.143,Day of the Dead,19aZxgHJEtveuVPhDFTMMG,Marijuana Deathsquads,6oc4nqIWvCfQQLnQfdQwmH,295822,Truckin',22
360,0.647,0.319,0.588,3pYGThfc5zBK2ok9eN2jti,0.481,2,0.53,-9.496,1,0.0338,139.756,0.383,Day of the Dead,19aZxgHJEtveuVPhDFTMMG,Cass McCombs,2iUVQjheBnvOt8vaBrxXJz,237430,Dark Star,26
361,0.0764,0.178,0.863,6LnGnpjfBY7Qnr4v2Ps6Qq,0.812,11,0.326,-5.347,0,0.0577,102.991,0.201,Day of the Dead,19aZxgHJEtveuVPhDFTMMG,Nightfall of Diamonds,6tO5sjGzjm5u2LHfjLmXUG,507374,Nightfall of Diamonds,19
362,0.705,0.358,0.336,5m23KGHTSqqIlU2JpDuuBb,0.865,9,0.146,-13.681,0,0.0306,76.04,0.254,Day of the Dead,19aZxgHJEtveuVPhDFTMMG,Tim Hecker,1qiwaJwjKod5WhcYZ76O1B,239119,Transitive Refraction Axis for John Oswald,19
363,0.0658,0.507,0.636,2iRzk2IkDB25PXYskqPu8M,0.00832,4,0.122,-5.873,1,0.0351,113.048,0.259,Day of the Dead,19aZxgHJEtveuVPhDFTMMG,Lucinda Williams,60ht0hWRy1yjUDfNsLuHuP,244592,Goin' Down The Road Feeling Bad,25
364,0.416,0.3,0.776,3rEn0O1QWKO0h5EJsCTyWG,0.793,2,0.108,-6.974,1,0.0376,124.933,0.211,Day of the Dead,19aZxgHJEtveuVPhDFTMMG,Tunde Adebimpe,3and7uje1nuMnKJczCKox9,586321,Playing in the Band,20
365,0.0139,0.415,0.619,6FWminmVdcErmcXOk81wMx,0.0288,4,0.231,-7.488,1,0.0398,81.084,0.236,Day of the Dead,19aZxgHJEtveuVPhDFTMMG,Local Natives,75dQReiBOHN37fQgWQrIAJ,279324,Stella Blue,44
366,0.155,0.45,0.825,0X29V7rKFaTHNsmsLaMwgg,0.104,4,0.159,-5.614,1,0.0404,116.614,0.843,Day of the Dead,19aZxgHJEtveuVPhDFTMMG,Tal National,1CghIboTgOpw0iYLR5DC9l,309566,Eyes of the World,19
367,0.966,0.709,0.558,7GwVlf6W58rCFKebXDTF92,0.476,5,0.103,-10.661,0,0.0431,91.198,0.778,Day of the Dead,19aZxgHJEtveuVPhDFTMMG,Béla Fleck,2ka8z2lwkcp13fG8Wyv3xU,458893,Help on the Way,29
368,0.251,0.762,0.898,0JpJTKwUvzFDaLTQbi03qh,0.00684,7,0.174,-5.007,1,0.0425,106.438,0.84,Day of the Dead,19aZxgHJEtveuVPhDFTMMG,Orchestra Baobab,7xT0arvCDupDU1YYy0BNv9,389020,Franklin's Tower,25
369,0.55,0.569,0.374,23ipVxtfVQOyzFNuLC9JxZ,0.12,9,0.0926,-10.964,1,0.0324,141.688,0.136,Day of the Dead,19aZxgHJEtveuVPhDFTMMG,Luluc,2Jtfa8vjvzAAGxDfgIkU72,302103,Till the Morning Comes,23
370,0.8,0.421,0.456,28oDHwPpedYnbOsjI2Ta4N,4.01e-05,7,0.088,-7.905,1,0.0373,119.238,0.48,Day of the Dead,19aZxgHJEtveuVPhDFTMMG,The Walkmen,6kFay2DQ5aZfeu5OsrF3Pw,265282,Ripple,26
371,0.614,0.313,0.491,2k6PcoeinvybCL0N6FZ5Rw,0.0363,2,0.175,-7.412,1,0.0323,118.513,0.143,Day of the Dead,19aZxgHJEtveuVPhDFTMMG,Richard Reed Parry,7kdBCYCfsZQPu4dVYpvswY,291745,Brokedown Palace,21
372,0.255,0.334,0.633,5YPfaD37OuRjb8nB4WZKid,0.346,0,0.312,-5.104,1,0.0286,179.852,0.44,Day of the Dead,19aZxgHJEtveuVPhDFTMMG,Real Estate,41SQP16hv1TioVYqdckmxT,360114,Here Comes Sunshine,30
373,0.043,0.802,0.895,3GBoIYqctCEhsep9n8BdTc,0.00236,0,0.103,-4.7,1,0.0419,112.002,0.959,Day of the Dead,19aZxgHJEtveuVPhDFTMMG,Unknown Mortal Orchestra,1LeVJ5GPeYDOVUjxx1y7Rp,208831,Shakedown Street,40
374,0.0845,0.633,0.602,5d7fWLYYJReMfeUqfJqns0,0.00543,2,0.128,-6.856,1,0.0288,105.45,0.661,Day of the Dead,19aZxgHJEtveuVPhDFTMMG,Hiss Golden Messenger,37eqxl8DyLd5sQN54wYJbE,288460,Brown-Eyed Women,36
375,0.684,0.523,0.418,7Gun2ERzvc43H1UTf5koIj,0.00508,8,0.107,-8.263,1,0.0317,90.069,0.367,Day of the Dead,19aZxgHJEtveuVPhDFTMMG,This Is The Kit,0ZUyFEafMwocvApBjTXvdo,270380,Jack-A-Roe,31
376,0.682,0.599,0.393,6I0VqP454ic2BZlMO6Yzb3,0.000683,9,0.14,-7.633,1,0.0279,52.038,0.279,Day of the Dead,19aZxgHJEtveuVPhDFTMMG,Daniel Rossen,2N7DBqf05DIw5tqKLRAUq4,256888,High Time,21
377,0.156,0.459,0.833,13fvAyS9OIw6LWxMgLn35A,9.55e-05,0,0.264,-5.161,1,0.06,166.328,0.784,Day of the Dead,19aZxgHJEtveuVPhDFTMMG,The Lone Bellow,7JFtD8KnbAADBBDleIMuH7,183042,Dire Wolf,23
378,0.726,0.563,0.485,0oM2o4TvLdjyCYSZJlyqMn,0.0103,9,0.0867,-9.182,1,0.0797,154.908,0.214,Day of the Dead,19aZxgHJEtveuVPhDFTMMG,Winston Marshall,17QwpKEew3b7k2PE4VOhFM,302562,Althea,29
379,0.0624,0.553,0.684,0OWVIQXoU46sibvVpNeFae,0.0985,7,0.105,-7.711,1,0.0529,96.805,0.326,Day of the Dead,19aZxgHJEtveuVPhDFTMMG,Orchestra Baobab,7xT0arvCDupDU1YYy0BNv9,300414,Clementine Jam,23
380,0.593,0.493,0.732,3w0hIvZxKFpCY7LsUztvW7,0.617,7,0.098,-7.018,1,0.0305,90.537,0.718,Day of the Dead,19aZxgHJEtveuVPhDFTMMG,Stephen Malkmus & The Jicks,7wyRA7deGRxozTyBc6QXPe,684191,China Cat Sunflower -> I Know You Rider,21
381,0.636,0.421,0.196,6fT9bfS3R7FsqxkhtQxS1I,0.899,9,0.0988,-15.511,1,0.0373,112.393,0.247,Day of the Dead,19aZxgHJEtveuVPhDFTMMG,Bill Callahan,7gqsi6aBSkRMJoL9psKqMr,338184,Easy Wind,28
382,0.363,0.336,0.403,7bKBEOsyZ3zjONnecM2XnU,0.862,1,0.122,-11.331,1,0.0319,109.485,0.123,Day of the Dead,19aZxgHJEtveuVPhDFTMMG,Ira Kaplan,3vEXvAvLQvZL1XoyIexpeJ,608324,Wharf Rat,19
383,0.871,0.261,0.39,0ymJFb00xgnznPO80eJDM6,0.819,11,0.0988,-8.403,1,0.035,91.442,0.0555,Day of the Dead,19aZxgHJEtveuVPhDFTMMG,The Rileys,6uLY5RJflqxjhRMLLeEsxZ,317166,Estimated Prophet,17
384,0.171,0.502,0.549,2v3dYhiqPy5UkY21DPkg7D,0.759,10,0.143,-11.884,1,0.0938,105.88,0.17,Day of the Dead,19aZxgHJEtveuVPhDFTMMG,Man Forever,6wLAMEpqPveo2n7yDpoNbe,291405,Drums -> Space,17
385,0.142,0.436,0.872,1DqPkvJrCYOqP2bfQWg5zh,0.676,2,0.462,-7.919,1,0.0865,144.967,0.23,Day of the Dead,19aZxgHJEtveuVPhDFTMMG,Fucked Up,05C3EDw4Rf0qMhrdjFKncL,377689,Cream Puff War,18
386,0.026,0.515,0.686,2h6XtKvZZcWZkR1jukW6T3,0.851,4,0.102,-8.528,0,0.0447,149.99,0.292,Day of the Dead,19aZxgHJEtveuVPhDFTMMG,The Flaming Lips,16eRpMNXSQ15wuJoeqguaB,373945,Dark Star,20
387,0.747,0.179,0.0779,2elVWyS4AIQOQlO8EP98At,0.477,10,0.348,-13.261,1,0.0394,108.586,0.0372,Day of the Dead,19aZxgHJEtveuVPhDFTMMG,s t a r g a z e,6ArmVuGn8UtsupvhL3suRy,395179,What's Become of the Baby,17
388,0.982,0.33,0.231,6QqdeoaU4UEYVyKbr6vN6Z,0.942,4,0.106,-14.812,1,0.0406,118.555,0.0612,Day of the Dead,19aZxgHJEtveuVPhDFTMMG,Vijay Iyer,27DeRe5LjIt9ZPXUjF90h6,274806,King Solomon's Marbles,18
389,0.805,0.487,0.323,0cN7ugamcrFO8KC7hdPjus,0.0451,9,0.103,-7.0,1,0.026,74.539,0.165,Day of the Dead,19aZxgHJEtveuVPhDFTMMG,Mina Tindle,1myZw5gJTFWZUrqv4Qdq2E,125598,Rosemary,17
390,0.944,0.555,0.283,4yDxaCOSQIaskk59THzDQd,1.16e-06,4,0.239,-8.738,1,0.0347,125.609,0.395,Day of the Dead,19aZxgHJEtveuVPhDFTMMG,Sam Amidon,6TTJ0xLPPNDyv4bXyukzU4,163319,And We Bid You Goodnight,21
391,0.112,0.343,0.776,4xEBL6CWRPiTkkr3PPwSVu,0.0535,7,0.921,-6.747,1,0.0576,164.507,0.387,Day of the Dead,19aZxgHJEtveuVPhDFTMMG,The National,2cCUtGK9sDU2EoElnk0GNB,518293,I Know You Rider (live),26
392,0.742,0.562,0.483,1vR2wS0BmsaOE93nFXmUgq,0.622,7,0.0806,-8.87,1,0.031,112.057,0.408,Jogos Vorazes: Em Chamas,7yzV9QFXJGdHhzmlzabsdG,The National,2cCUtGK9sDU2EoElnk0GNB,271266,Lean - From “The Hunger Games: Catching Fire” Soundtrack,12
393,0.547,0.858,0.6,1LM6t24SjQr2bJHqeGIR4U,0.00113,2,0.132,-6.677,1,0.063,106.023,0.513,The Search for Everything,0jZFu2tihRJ65iYAo0oOtP,John Mayer,0hEurMDQu99nJRq8pTxO14,234920,Still Feel Like Your Man,65
394,0.771,0.494,0.365,5ddXMXmXZ2FN4iliTG20nO,0.000978,11,0.139,-8.92,1,0.0279,165.766,0.191,The Search for Everything,0jZFu2tihRJ65iYAo0oOtP,John Mayer,0hEurMDQu99nJRq8pTxO14,239666,Emoji of a Wave,64
395,0.151,0.761,0.598,701DK0It9f7iurRnzKvF0y,0.00259,9,0.0314,-5.838,0,0.0268,103.978,0.937,The Search for Everything,0jZFu2tihRJ65iYAo0oOtP,John Mayer,0hEurMDQu99nJRq8pTxO14,249120,Helpless,63
396,0.623,0.718,0.583,0oiCeOPwm4zhwfyIpAE37y,0.000662,7,0.0612,-7.884,1,0.0288,119.97,0.422,The Search for Everything,0jZFu2tihRJ65iYAo0oOtP,John Mayer,0hEurMDQu99nJRq8pTxO14,212320,Love on the Weekend,64
397,0.386,0.546,0.657,77Y57qRJBvkGCUw9qs0qMg,1.03e-05,8,0.0983,-6.526,1,0.0255,80.007,0.52,The Search for Everything,0jZFu2tihRJ65iYAo0oOtP,John Mayer,0hEurMDQu99nJRq8pTxO14,243666,In the Blood,67
398,0.587,0.444,0.336,6eIygPhGcBFKKcxlGTJlY0,0.00274,0,0.132,-7.778,1,0.0282,183.345,0.392,The Search for Everything,0jZFu2tihRJ65iYAo0oOtP,John Mayer,0hEurMDQu99nJRq8pTxO14,213080,Changing,61
399,0.897,0.595,0.337,1G4s7WkhgmdQvYaGCHjw1G,0.935,7,0.121,-11.06,1,0.0263,90.973,0.362,The Search for Everything,0jZFu2tihRJ65iYAo0oOtP,John Mayer,0hEurMDQu99nJRq8pTxO14,111773,"Theme from ""The Search for Everything""",59
400,0.591,0.85,0.461,1crSsvtU9wZB15dIQXV2QH,0.0409,6,0.1,-9.018,0,0.0539,94.038,0.628,The Search for Everything,0jZFu2tihRJ65iYAo0oOtP,John Mayer,0hEurMDQu99nJRq8pTxO14,265360,Moving On and Getting Over,63
401,0.73,0.535,0.354,3TQbr3G3U5wlwEJejmqC1F,1.24e-05,2,0.138,-8.61,1,0.026,139.889,0.22,The Search for Everything,0jZFu2tihRJ65iYAo0oOtP,John Mayer,0hEurMDQu99nJRq8pTxO14,220866,Never on the Day You Leave,62
402,0.489,0.758,0.465,5KsLlcmWDoHUoJFzRw14wD,5.21e-05,7,0.116,-6.547,1,0.0374,138.902,0.759,The Search for Everything,0jZFu2tihRJ65iYAo0oOtP,John Mayer,0hEurMDQu99nJRq8pTxO14,240626,Rosie,63
403,0.624,0.611,0.696,0Zrug5Ry3x6x60lohpEU0C,0.014,2,0.124,-6.737,1,0.0302,154.954,0.706,The Search for Everything,0jZFu2tihRJ65iYAo0oOtP,John Mayer,0hEurMDQu99nJRq8pTxO14,202813,Roll it on Home,60
404,0.983,0.538,0.131,51lPx6ZCSalL2kvSrDUyJc,0.00522,7,0.156,-14.104,1,0.0316,136.149,0.32,The Search for Everything,0jZFu2tihRJ65iYAo0oOtP,John Mayer,0hEurMDQu99nJRq8pTxO14,190013,You're Gonna Live Forever in Me,63
405,0.0485,0.624,0.791,5LmwNHC9YCUvgcCGiKdsYV,0.579,2,0.168,-7.081,1,0.0904,148.043,0.5,FORGET,151CDCqH6rwgFzDsLvKf7g,Xiu Xiu,5JLqvjW3Nyom2OsRUyFsS9,197247,The Call,27
406,0.0012,0.137,0.788,6QzyiKj6CDayd8rBWGyalU,0.654,7,0.397,-5.847,1,0.0552,205.585,0.0904,FORGET,151CDCqH6rwgFzDsLvKf7g,Xiu Xiu,5JLqvjW3Nyom2OsRUyFsS9,263446,Queen of the Losers,21
407,0.00166,0.528,0.892,0163YUM6BGkHfbRQHQ7BxD,0.268,5,0.363,-6.377,1,0.0631,104.845,0.335,FORGET,151CDCqH6rwgFzDsLvKf7g,Xiu Xiu,5JLqvjW3Nyom2OsRUyFsS9,252157,Wondering,31
408,0.352,0.59,0.465,5g2S1driJtVXRnRNOMD2BP,0.834,5,0.129,-8.833,1,0.0389,85.897,0.199,FORGET,151CDCqH6rwgFzDsLvKf7g,Xiu Xiu,5JLqvjW3Nyom2OsRUyFsS9,299516,Get Up,26
409,0.00539,0.492,0.422,4aFURbYBRiZDmuQeE2H5HI,0.793,7,0.176,-10.622,1,0.0333,113.989,0.0776,FORGET,151CDCqH6rwgFzDsLvKf7g,Xiu Xiu,5JLqvjW3Nyom2OsRUyFsS9,227711,Hay Choco Bananas,18
410,0.0647,0.584,0.61,65Kw3CREaw0Bfv8WTgPY10,0.895,1,0.163,-8.652,1,0.039,105.152,0.177,FORGET,151CDCqH6rwgFzDsLvKf7g,Xiu Xiu,5JLqvjW3Nyom2OsRUyFsS9,236966,Jenny GoGo,22
411,0.0057,0.487,0.506,5Hd8kGlRDHJhK05CvBgzOa,0.52,8,0.0756,-9.554,1,0.0445,117.694,0.0922,FORGET,151CDCqH6rwgFzDsLvKf7g,Xiu Xiu,5JLqvjW3Nyom2OsRUyFsS9,192193,"At Last, At Last",18
412,0.00246,0.533,0.654,1pXDD0oqhaNLAJmEjLznlE,0.273,9,0.44,-7.155,0,0.0606,114.346,0.52,FORGET,151CDCqH6rwgFzDsLvKf7g,Xiu Xiu,5JLqvjW3Nyom2OsRUyFsS9,251189,Forget,19
413,0.66,0.38,0.207,4NsVQXOdvr6nEREMZVN3Ge,0.191,0,0.0863,-11.963,1,0.04,94.253,0.139,FORGET,151CDCqH6rwgFzDsLvKf7g,Xiu Xiu,5JLqvjW3Nyom2OsRUyFsS9,241194,Petite,16
414,0.0687,0.196,0.479,0i3zW51uPgeAUX42I4bHms,0.276,9,0.167,-9.334,0,0.0449,73.473,0.0905,FORGET,151CDCqH6rwgFzDsLvKf7g,Xiu Xiu,5JLqvjW3Nyom2OsRUyFsS9,475893,"Faith, Torn Apart",15
415,0.343,0.277,0.492,4GDQIeH1UU1nRdki0METND,0.878,7,0.108,-12.033,1,0.0383,155.277,0.126,Skeleton Tree,34xaLN7rDecGEK5UGIVbeJ,Nick Cave & The Bad Seeds,4UXJsSlnKd7ltsrHebV79Q,352253,Jesus Alone,44
416,0.861,0.353,0.638,2DJm8k4qUOF5m9yiDPt6gE,6.19e-05,0,0.102,-9.335,1,0.0583,77.395,0.288,Skeleton Tree,34xaLN7rDecGEK5UGIVbeJ,Nick Cave & The Bad Seeds,4UXJsSlnKd7ltsrHebV79Q,208520,Rings Of Saturn,50
417,0.854,0.309,0.307,6nL1A5WUhZWCrPhz07yKtU,2.64e-06,2,0.238,-12.321,0,0.0324,132.997,0.131,Skeleton Tree,34xaLN7rDecGEK5UGIVbeJ,Nick Cave & The Bad Seeds,4UXJsSlnKd7ltsrHebV79Q,291026,Girl In Amber,45
418,0.862,0.289,0.165,7kv4GA9KVYMWk2cT0LteGV,0.771,5,0.11,-17.65,0,0.0451,122.749,0.139,Skeleton Tree,34xaLN7rDecGEK5UGIVbeJ,Nick Cave & The Bad Seeds,4UXJsSlnKd7ltsrHebV79Q,322386,Magneto,42
419,0.272,0.286,0.44,12AKOVQ1cXM7f39dpLhCwt,0.0288,2,0.32,-10.315,1,0.0319,109.281,0.0653,Skeleton Tree,34xaLN7rDecGEK5UGIVbeJ,Nick Cave & The Bad Seeds,4UXJsSlnKd7ltsrHebV79Q,274426,Anthrocene,40
420,0.912,0.303,0.464,2MWyl7mj5wM75B3t3D5z4E,0.00859,9,0.0979,-10.212,1,0.0347,114.379,0.0965,Skeleton Tree,34xaLN7rDecGEK5UGIVbeJ,Nick Cave & The Bad Seeds,4UXJsSlnKd7ltsrHebV79Q,358026,I Need You,45
421,0.962,0.216,0.207,6Os4eDkEJjmLa7LJlQYNCl,0.316,5,0.0985,-14.341,1,0.0333,91.551,0.0411,Skeleton Tree,34xaLN7rDecGEK5UGIVbeJ,Nick Cave & The Bad Seeds,4UXJsSlnKd7ltsrHebV79Q,336373,Distant Sky,42
422,0.953,0.455,0.315,3iC4tcs4MfcTBXMV2ptj1M,0.00409,3,0.0953,-12.931,1,0.0267,62.461,0.146,Skeleton Tree,34xaLN7rDecGEK5UGIVbeJ,Nick Cave & The Bad Seeds,4UXJsSlnKd7ltsrHebV79Q,241533,Skeleton Tree,44
423,0.577,0.848,0.465,1CdEcheLJU6SgxnbFEj2WX,0.0543,1,0.101,-9.029,0,0.0524,94.02,0.621,The Search for Everything - Wave One,5GkyQHN2jO9L05VV0gBnGH,John Mayer,0hEurMDQu99nJRq8pTxO14,261933,Moving On and Getting Over,53
424,0.0232,0.532,0.785,1jw2wJAxzDOpLOxQO9pnOl,0.675,11,0.133,-11.578,1,0.0269,107.752,0.886,Music for the Masses,5Yyx661Ksxl2pmRUuGLzw3,Depeche Mode,762310PdDnwsDxAQxzQkfX,253400,Nothing,0
